-- MySQL dump 10.13  Distrib 5.5.35, for debian-linux-gnu (i686)
--
-- Host: localhost    Database: stepbystep
-- ------------------------------------------------------
-- Server version	5.5.35-0ubuntu0.12.04.2

/*!40101 SET @OLD_CHARACTER_SET_CLIENT=@@CHARACTER_SET_CLIENT */;
/*!40101 SET @OLD_CHARACTER_SET_RESULTS=@@CHARACTER_SET_RESULTS */;
/*!40101 SET @OLD_COLLATION_CONNECTION=@@COLLATION_CONNECTION */;
/*!40101 SET NAMES utf8 */;
/*!40103 SET @OLD_TIME_ZONE=@@TIME_ZONE */;
/*!40103 SET TIME_ZONE='+00:00' */;
/*!40014 SET @OLD_UNIQUE_CHECKS=@@UNIQUE_CHECKS, UNIQUE_CHECKS=0 */;
/*!40014 SET @OLD_FOREIGN_KEY_CHECKS=@@FOREIGN_KEY_CHECKS, FOREIGN_KEY_CHECKS=0 */;
/*!40101 SET @OLD_SQL_MODE=@@SQL_MODE, SQL_MODE='NO_AUTO_VALUE_ON_ZERO' */;
/*!40111 SET @OLD_SQL_NOTES=@@SQL_NOTES, SQL_NOTES=0 */;

--
-- Table structure for table `category`
--

DROP TABLE IF EXISTS `category`;
/*!40101 SET @saved_cs_client     = @@character_set_client */;
/*!40101 SET character_set_client = utf8 */;
CREATE TABLE `category` (
  `cid` int(11) NOT NULL AUTO_INCREMENT,
  `rank` varchar(20) DEFAULT NULL,
  `cname` varchar(100) DEFAULT NULL,
  PRIMARY KEY (`cid`)
) ENGINE=MyISAM AUTO_INCREMENT=23 DEFAULT CHARSET=utf8;
/*!40101 SET character_set_client = @saved_cs_client */;

--
-- Dumping data for table `category`
--

LOCK TABLES `category` WRITE;
/*!40000 ALTER TABLE `category` DISABLE KEYS */;
INSERT INTO `category` VALUES (1,'初级','基本算法'),(2,'初级','图算法'),(3,'初级','数据结构'),(4,'初级','简单搜索'),(5,'初级','动态规划'),(6,'初级','数学'),(7,'初级','计算几何学'),(8,'中级','基本算法'),(9,'中级','图算法'),(10,'中级','数据结构'),(11,'中级','搜索'),(12,'中级','动态规划'),(13,'中级','数学'),(14,'中级','计算几何学'),(15,'高级','基本算法'),(16,'高级','图算法'),(17,'高级','数据结构'),(18,'高级','搜索'),(19,'高级','动态规划'),(20,'高级','数学'),(21,'高级','计算几何学'),(22,'高级','综合题');
/*!40000 ALTER TABLE `category` ENABLE KEYS */;
UNLOCK TABLES;

--
-- Table structure for table `problem`
--

DROP TABLE IF EXISTS `problem`;
/*!40101 SET @saved_cs_client     = @@character_set_client */;
/*!40101 SET character_set_client = utf8 */;
CREATE TABLE `problem` (
  `pid` int(11) NOT NULL AUTO_INCREMENT,
  `poj_pid` int(11) NOT NULL,
  `deadline` varchar(20) DEFAULT NULL,
  `cid` int(11) DEFAULT NULL,
  PRIMARY KEY (`pid`),
  KEY `cid` (`cid`)
) ENGINE=MyISAM AUTO_INCREMENT=279 DEFAULT CHARSET=utf8;
/*!40101 SET character_set_client = @saved_cs_client */;

--
-- Dumping data for table `problem`
--

LOCK TABLES `problem` WRITE;
/*!40000 ALTER TABLE `problem` DISABLE KEYS */;
INSERT INTO `problem` VALUES (1,1753,'2011-11-11',1),(2,2965,'2011-11-11',1),(3,1328,'2011-11-11',1),(4,2109,'2011-11-11',1),(5,2586,'2011-11-11',1),(6,2524,'2011-11-11',1),(7,2506,'2011-11-11',1),(8,3295,'2011-11-11',1),(9,1068,'2011-11-11',1),(10,2632,'2011-11-11',1),(11,1573,'2011-11-11',1),(12,2993,'2011-11-11',1),(13,2996,'2011-11-11',1),(14,3278,'2013-12-22',2),(15,2049,'2013-12-22',2),(16,3083,'2013-12-22',2),(17,1860,'2013-12-22',2),(18,3259,'2013-12-22',2),(19,1062,'2013-12-22',2),(20,2253,'2013-12-22',2),(21,1125,'2013-12-22',2),(22,2240,'2013-12-22',2),(23,1789,'2013-12-22',2),(24,2485,'2013-12-22',2),(25,1258,'2013-12-22',2),(26,3026,'2013-12-22',2),(27,1094,'2013-12-22',2),(28,3267,'2013-12-22',2),(29,3687,'2013-12-22',2),(30,3041,'2013-12-22',2),(31,3020,'2013-12-22',2),(32,1459,'2013-12-22',2),(33,3436,'2013-12-22',2),(34,1035,'2013-12-31',3),(35,3080,'2013-12-31',3),(36,1936,'2013-12-31',3),(37,2388,'2013-12-31',3),(38,2299,'2013-12-31',3),(39,1611,'2013-12-31',3),(40,3349,'2013-12-31',3),(41,3274,'2013-12-31',3),(42,2151,'2013-12-31',3),(43,1840,'2013-12-31',3),(44,2002,'2013-12-31',3),(45,2503,'2013-12-31',3),(46,3253,'2013-12-31',3),(47,2442,'2013-12-31',3),(48,1442,'2013-12-31',3),(49,2513,'2013-12-31',3),(50,2418,'2013-12-31',3),(51,2488,'2013-08-01',4),(52,3083,'2013-08-01',4),(53,3009,'2013-08-01',4),(54,1321,'2013-08-01',4),(55,2251,'2013-08-01',4),(56,3278,'2013-08-01',4),(57,1426,'2013-08-01',4),(58,3126,'2013-08-01',4),(59,3087,'2013-08-01',4),(60,3414,'2013-08-01',4),(61,2531,'2013-08-01',4),(62,1416,'2013-08-01',4),(63,2676,'2013-08-01',4),(64,1129,'2013-08-01',4),(65,1837,'1999-08-28',5),(66,1276,'1999-08-28',5),(67,3267,'1999-08-28',5),(68,1836,'1999-08-28',5),(69,1260,'1999-08-28',5),(70,2533,'1999-08-28',5),(71,3176,'1999-08-28',5),(72,1080,'1999-08-28',5),(73,1159,'1999-08-28',5),(74,3252,'2013-12-01',6),(75,1850,'2013-12-01',6),(76,1019,'2013-12-01',6),(77,1942,'2013-12-01',6),(78,2635,'2013-12-01',6),(79,3292,'2013-12-01',6),(80,1845,'2013-12-01',6),(81,2115,'2013-12-01',6),(82,3273,'2013-12-01',6),(83,3258,'2013-12-01',6),(84,1905,'2013-12-01',6),(85,3122,'2013-12-01',6),(86,1265,'2013-12-01',7),(87,2031,'2013-12-01',7),(88,1039,'2013-12-01',7),(89,1408,'2013-12-01',7),(90,1584,'2013-12-01',7),(91,2187,'2013-12-01',7),(92,1113,'2013-12-01',7),(93,3096,'2013-12-01',8),(94,3007,'2013-12-01',8),(95,3393,'2013-12-01',8),(96,1472,'2013-12-01',8),(97,3371,'2013-12-01',8),(98,1027,'2013-12-01',8),(99,2706,'2013-12-01',8),(100,1201,'2013-12-01',9),(101,2983,'2013-12-01',9),(102,3159,'2013-12-01',9),(103,1275,'2013-12-01',9),(104,1364,'2013-12-01',9),(105,2516,'2013-12-01',9),(106,2195,'2013-12-01',9),(107,3422,'2013-12-01',9),(108,2942,'2013-12-01',9),(109,3694,'2013-12-01',9),(110,2186,'2013-12-01',9),(111,3592,'2013-12-01',9),(112,3114,'2013-12-01',9),(113,3352,'2013-12-01',9),(114,3308,'2013-12-01',9),(115,3155,'2013-12-01',9),(116,2195,'2013-12-01',9),(117,2400,'2013-12-01',9),(118,3686,'2013-12-01',9),(119,2528,'2013-12-01',10),(120,2828,'2013-12-01',10),(121,2777,'2013-12-01',10),(122,2886,'2013-12-01',10),(123,2750,'2013-12-01',10),(124,2482,'2013-12-01',10),(125,2352,'2013-12-01',10),(126,2892,'2013-12-01',10),(127,3468,'2013-12-01',10),(128,1195,'2013-12-01',10),(129,3321,'2013-12-01',10),(130,3264,'2013-12-01',10),(131,3368,'2013-12-01',10),(132,1703,'2013-12-01',10),(133,2492,'2013-12-01',10),(134,1961,'2013-12-01',10),(135,2406,'2013-12-01',10),(136,1699,'2013-10-11',11),(137,3411,'2013-10-11',11),(138,1724,'2013-10-11',11),(139,3373,'2013-10-11',11),(140,1691,'2013-10-11',11),(141,1191,'2013-12-01',12),(142,1054,'2013-12-01',12),(143,3280,'2013-12-01',12),(144,2029,'2013-12-01',12),(145,2948,'2013-12-01',12),(146,1925,'2013-12-01',12),(147,3034,'2013-12-01',12),(148,3254,'2013-12-01',12),(149,2411,'2013-12-01',12),(150,1185,'2013-12-01',12),(151,2057,'2013-12-01',12),(152,1947,'2013-12-01',12),(153,2486,'2013-12-01',12),(154,3140,'2013-12-01',12),(155,1286,'2013-12-01',13),(156,2409,'2013-12-01',13),(157,3270,'2013-12-01',13),(158,1026,'2013-12-01',13),(159,2947,'2013-12-01',13),(160,1487,'2013-12-01',13),(161,2065,'2013-12-01',13),(162,1166,'2013-12-01',13),(163,1222,'2013-12-01',13),(164,3071,'2013-12-01',13),(165,3440,'2013-12-01',13),(166,1061,'2013-12-01',13),(167,2891,'2013-12-01',13),(168,3101,'2013-12-01',13),(169,2115,'2013-12-01',13),(170,2976,'2013-12-01',13),(171,3150,'2013-12-01',13),(172,3422,'2013-12-01',13),(173,3070,'2013-12-01',13),(174,3301,'2013-12-01',13),(175,3318,'2013-12-01',13),(176,2454,'2013-12-01',13),(177,1870,'2013-12-01',13),(178,3296,'2013-12-01',13),(179,3286,'2013-12-01',13),(180,1095,'2013-12-01',13),(181,1151,'2013-12-01',14),(182,1765,'2013-12-01',14),(183,1177,'2013-12-01',14),(184,1151,'2013-12-01',14),(185,3277,'2013-12-01',14),(186,2280,'2013-12-01',14),(187,3004,'2013-12-01',14),(188,3130,'2013-12-01',14),(189,3335,'2013-12-01',14),(190,1819,'2013-12-01',14),(191,1066,'2013-12-01',14),(192,2043,'2013-12-01',14),(193,3227,'2013-12-01',14),(194,2165,'2013-12-01',14),(195,3429,'2013-12-01',14),(196,2525,'2013-12-01',15),(197,1684,'2013-12-01',15),(198,1421,'2013-12-01',15),(199,1048,'2013-12-01',15),(200,2050,'2013-12-01',15),(201,3306,'2013-12-01',15),(202,3434,'2013-12-01',15),(203,1639,'2013-12-01',16),(204,3621,'2013-12-01',16),(205,2976,'2013-12-01',16),(206,3255,'2013-12-01',16),(207,2513,'2013-12-01',16),(208,2449,'2013-12-01',16),(209,3155,'2013-12-01',16),(210,2112,'2013-12-01',16),(211,1966,'2013-12-01',16),(212,3281,'2013-12-01',16),(213,1087,'2013-12-01',16),(214,2289,'2013-12-01',16),(215,3216,'2013-12-01',16),(216,2446,'2013-12-01',16),(217,2728,'2013-12-01',16),(218,3164,'2013-12-01',16),(219,1679,'2013-12-01',16),(220,3207,'2013-12-01',16),(221,3678,'2013-12-01',16),(222,3683,'2013-12-01',16),(223,3648,'2013-12-01',16),(224,2723,'2013-12-01',16),(225,2749,'2013-12-01',16),(226,1734,'2013-12-01',16),(227,2778,'2013-12-01',17),(228,3691,'2013-12-01',17),(229,1330,'2013-12-01',17),(230,2823,'2013-12-01',17),(231,3666,'2013-12-01',17),(232,3016,'2013-12-01',17),(233,3415,'2013-12-01',17),(234,3294,'2013-12-01',17),(235,2774,'2013-12-01',17),(236,2758,'2013-12-01',17),(237,1069,'2013-12-01',18),(238,3322,'2013-12-01',18),(239,1475,'2013-12-01',18),(240,1924,'2013-12-01',18),(241,2049,'2013-12-01',18),(242,3426,'2013-12-01',18),(243,1768,'2013-12-01',18),(244,1184,'2013-12-01',18),(245,1872,'2013-12-01',18),(246,1324,'2013-12-01',18),(247,2046,'2013-12-01',18),(248,1482,'2013-12-01',18),(249,3131,'2013-12-01',18),(250,2870,'2013-12-01',18),(251,2286,'2013-12-01',18),(252,2754,'2013-12-01',19),(253,3378,'2013-12-01',19),(254,3017,'2013-12-01',19),(255,1160,'2013-12-01',19),(256,1180,'2013-12-01',19),(257,3709,'2013-12-01',19),(258,3133,'2013-12-01',19),(259,1739,'2013-12-01',19),(260,2411,'2013-12-01',19),(261,1763,'2013-12-01',19),(262,2888,'2013-12-24',20),(263,2154,'2013-12-24',20),(264,3317,'2013-12-24',20),(265,1085,'2013-12-24',20),(266,3384,'2013-12-11',21),(267,2540,'2013-12-11',21),(268,2966,'2013-12-11',21),(269,2079,'2013-12-11',21),(270,3109,'2013-12-01',22),(271,1478,'2013-12-01',22),(272,1462,'2013-12-01',22),(273,2729,'2013-12-01',22),(274,2048,'2013-12-01',22),(275,3336,'2013-12-01',22),(276,3315,'2013-12-01',22),(277,2148,'2013-12-01',22),(278,1263,'2013-12-01',22);
/*!40000 ALTER TABLE `problem` ENABLE KEYS */;
UNLOCK TABLES;

--
-- Table structure for table `solution`
--

DROP TABLE IF EXISTS `solution`;
/*!40101 SET @saved_cs_client     = @@character_set_client */;
/*!40101 SET character_set_client = utf8 */;
CREATE TABLE `solution` (
  `user_id` int(11) NOT NULL DEFAULT '0',
  `pid` int(11) NOT NULL DEFAULT '0',
  `actime` varchar(20) NOT NULL,
  PRIMARY KEY (`user_id`,`pid`),
  KEY `pid` (`pid`)
) ENGINE=MyISAM DEFAULT CHARSET=utf8;
/*!40101 SET character_set_client = @saved_cs_client */;

--
-- Dumping data for table `solution`
--

LOCK TABLES `solution` WRITE;
/*!40000 ALTER TABLE `solution` DISABLE KEYS */;
INSERT INTO `solution` VALUES (1,1,'2013-06-21'),(1,2,'2013-06-22'),(1,3,'2013-07-29'),(1,4,'2013-07-29'),(1,5,'2013-07-29'),(1,6,'2013-07-29'),(1,7,'2013-07-29'),(1,8,'2013-07-29'),(1,9,'2013-07-30'),(1,10,'2013-07-30'),(1,11,'2013-07-30'),(1,12,'2013-07-30'),(1,13,'2013-07-30'),(1,14,'2013-07-23'),(1,15,'2013-08-02'),(1,16,'2013-07-31'),(1,17,'2013-08-04'),(1,18,'2013-08-05'),(1,19,'2013-08-06'),(1,20,'2013-08-06'),(1,21,'2013-08-07'),(1,22,'2013-08-07'),(1,23,'2013-08-07'),(1,24,'2013-08-07'),(1,25,'2013-08-07'),(1,26,'2013-08-08'),(1,27,'2013-08-09'),(1,28,'2013-08-12'),(1,29,'2013-08-09'),(1,30,'2013-08-10'),(1,31,'2013-08-12'),(1,32,'2013-08-12'),(1,33,'2013-08-13'),(1,34,'2013-08-13'),(1,35,'2013-08-14'),(1,36,'2013-08-14'),(1,37,'2013-06-18'),(1,38,'2013-08-14'),(1,39,'2013-08-14'),(1,40,'2013-08-14'),(1,41,'2013-08-15'),(1,42,'2013-08-15'),(1,43,'2013-08-15'),(1,44,'2013-08-16'),(1,45,'2013-08-16'),(1,46,'2013-08-16'),(1,47,'2013-08-16'),(1,48,'2013-08-17'),(1,49,'2013-08-17'),(1,50,'2013-08-17'),(1,51,'2013-08-19'),(1,52,'2013-07-31'),(1,53,'2013-08-19'),(1,54,'2013-08-19'),(1,55,'2013-08-19'),(1,56,'2013-07-23'),(1,57,'2013-08-20'),(1,58,'2013-08-20'),(1,59,'2013-08-20'),(1,60,'2013-08-21'),(1,61,'2013-08-21'),(1,62,'2013-08-21'),(1,63,'2013-08-21'),(1,64,'2013-08-22'),(1,65,'2013-08-22'),(1,66,'2013-09-04'),(1,67,'2013-08-12'),(1,68,'2013-09-05'),(1,69,'2013-09-12'),(1,70,'2013-09-12'),(1,71,'2013-09-12'),(1,72,'2013-10-21'),(1,73,'2013-10-22'),(1,93,'2013-09-18'),(1,94,'2013-09-18'),(1,95,'2013-09-19'),(1,96,'2013-09-20'),(1,97,'2013-10-04'),(1,98,'2013-10-06'),(1,99,'2013-10-10'),(1,100,'2013-10-14'),(1,101,'2013-10-21'),(1,102,'2013-10-22'),(1,103,'2013-11-04'),(1,104,'2013-11-05'),(1,207,'2013-08-17'),(1,241,'2013-08-02'),(2,1,'2013-08-03'),(2,2,'2013-08-05'),(2,3,'2013-08-02'),(2,4,'2013-08-02'),(2,5,'2013-08-02'),(2,6,'2013-02-21'),(2,7,'2013-06-21'),(2,8,'2013-08-05'),(2,9,'2013-08-05'),(2,10,'2013-08-06'),(2,11,'2013-08-06'),(2,12,'2013-08-06'),(2,13,'2013-08-06'),(2,14,'2013-07-29'),(2,15,'2013-08-13'),(2,16,'2013-08-07'),(2,17,'2013-08-07'),(2,18,'2013-07-29'),(2,19,'2013-08-08'),(2,20,'2013-07-29'),(2,21,'2013-08-07'),(2,22,'2013-08-07'),(2,23,'2013-08-08'),(2,24,'2013-06-21'),(2,25,'2013-06-22'),(2,26,'2013-08-08'),(2,27,'2013-08-09'),(2,28,'2013-09-03'),(2,29,'2013-08-10'),(2,30,'2013-08-08'),(2,32,'2013-08-12'),(2,34,'2013-08-13'),(2,35,'2013-08-13'),(2,36,'2013-08-13'),(2,37,'2013-06-21'),(2,38,'2013-08-12'),(2,39,'2013-02-21'),(2,40,'2013-08-14'),(2,41,'2013-08-15'),(2,43,'2013-08-14'),(2,44,'2013-08-16'),(2,45,'2013-08-08'),(2,46,'2013-07-30'),(2,47,'2013-07-30'),(2,48,'2013-08-19'),(2,49,'2013-08-16'),(2,50,'2013-08-19'),(2,51,'2013-08-19'),(2,52,'2013-08-07'),(2,53,'2013-08-22'),(2,54,'2013-07-29'),(2,55,'2013-08-19'),(2,56,'2013-07-29'),(2,57,'2013-08-20'),(2,58,'2013-08-20'),(2,59,'2013-08-20'),(2,60,'2013-08-20'),(2,62,'2013-08-22'),(2,63,'2013-08-21'),(2,64,'2013-08-21'),(2,65,'2013-08-23'),(2,66,'2013-08-23'),(2,67,'2013-09-03'),(2,68,'2013-08-28'),(2,69,'2013-09-06'),(2,70,'2013-08-28'),(2,71,'2013-08-28'),(2,72,'2013-08-30'),(2,73,'2013-08-30'),(2,74,'2013-09-13'),(2,75,'2013-09-17'),(2,76,'2013-09-19'),(2,77,'2013-09-28'),(2,78,'2013-10-08'),(2,80,'2013-10-12'),(2,81,'2013-10-13'),(2,82,'2013-10-10'),(2,83,'2013-10-11'),(2,84,'2013-10-24'),(2,85,'2013-10-24'),(2,86,'2013-10-20'),(2,87,'2013-10-22'),(2,89,'2013-10-24'),(2,90,'2013-10-25'),(2,91,'2013-10-25'),(2,92,'2013-10-26'),(2,93,'2013-10-15'),(2,94,'2013-10-19'),(2,95,'2013-10-28'),(2,96,'2013-10-29'),(2,97,'2013-10-30'),(2,98,'2013-11-05'),(2,106,'2013-11-08'),(2,116,'2013-11-08'),(2,167,'2013-10-15'),(2,169,'2013-10-13'),(2,207,'2013-08-16'),(2,241,'2013-08-13'),(3,1,'2013-06-18'),(3,2,'2013-06-22'),(3,3,'2013-07-30'),(3,4,'2013-06-22'),(3,5,'2013-07-29'),(3,6,'2013-02-21'),(3,7,'2013-06-15'),(3,8,'2013-07-30'),(3,9,'2013-06-28'),(3,10,'2013-07-30'),(3,11,'2013-06-28'),(3,12,'2013-07-30'),(3,13,'2013-07-30'),(3,14,'2013-06-15'),(3,15,'2013-08-02'),(3,16,'2013-08-03'),(3,17,'2013-08-06'),(3,18,'2013-07-29'),(3,19,'2013-08-03'),(3,20,'2013-08-05'),(3,21,'2013-08-05'),(3,22,'2013-08-05'),(3,23,'2013-08-06'),(3,24,'2013-06-19'),(3,25,'2013-08-02'),(3,26,'2013-08-07'),(3,27,'2013-08-07'),(3,28,'2013-08-12'),(3,29,'2013-08-10'),(3,30,'2013-08-06'),(3,31,'2013-08-15'),(3,32,'2013-08-10'),(3,34,'2013-08-12'),(3,35,'2013-08-12'),(3,36,'2013-06-21'),(3,37,'2013-06-21'),(3,38,'2013-08-12'),(3,39,'2013-02-21'),(3,40,'2013-08-13'),(3,41,'2013-08-15'),(3,43,'2013-08-13'),(3,44,'2013-08-15'),(3,45,'2013-07-29'),(3,46,'2013-06-21'),(3,47,'2013-08-16'),(3,48,'2013-08-16'),(3,49,'2013-08-02'),(3,50,'2013-07-29'),(3,51,'2013-08-14'),(3,52,'2013-08-03'),(3,53,'2013-08-19'),(3,54,'2013-08-19'),(3,55,'2013-08-19'),(3,56,'2013-06-15'),(3,57,'2013-08-19'),(3,58,'2013-08-19'),(3,59,'2013-08-19'),(3,60,'2013-08-19'),(3,61,'2013-08-28'),(3,62,'2013-08-20'),(3,63,'2013-08-19'),(3,64,'2013-08-20'),(3,65,'2013-08-22'),(3,66,'2013-08-22'),(3,67,'2013-08-12'),(3,68,'2013-08-23'),(3,69,'2013-08-23'),(3,70,'2013-07-31'),(3,71,'2013-07-31'),(3,72,'2013-08-23'),(3,73,'2013-08-19'),(3,78,'2013-10-08'),(3,82,'2013-10-15'),(3,83,'2013-10-15'),(3,84,'2013-10-25'),(3,85,'2013-10-25'),(3,93,'2013-10-09'),(3,94,'2013-10-09'),(3,95,'2013-10-12'),(3,96,'2013-10-12'),(3,97,'2013-10-13'),(3,100,'2013-10-20'),(3,101,'2013-10-22'),(3,119,'2013-11-03'),(3,120,'2013-11-05'),(3,121,'2013-11-05'),(3,129,'2013-09-13'),(3,130,'2013-10-13'),(3,131,'2013-10-13'),(3,207,'2013-08-02'),(3,241,'2013-08-02'),(4,1,'2013-08-02'),(4,2,'2013-08-03'),(4,3,'2013-08-02'),(4,4,'2013-07-29'),(4,5,'2013-08-02'),(4,6,'2013-07-30'),(4,7,'2013-07-29'),(4,8,'2013-08-05'),(4,9,'2013-07-31'),(4,10,'2013-07-31'),(4,11,'2013-08-01'),(4,12,'2013-08-01'),(4,13,'2013-08-01'),(4,14,'2013-08-05'),(4,16,'2013-08-05'),(4,34,'2013-08-14'),(4,35,'2013-08-15'),(4,36,'2013-07-29'),(4,37,'2013-07-29'),(4,38,'2013-08-14'),(4,39,'2013-07-30'),(4,40,'2013-08-15'),(4,46,'2013-07-30'),(4,48,'2013-08-19'),(4,52,'2013-08-05'),(4,56,'2013-08-05'),(4,76,'2013-11-04'),(4,77,'2013-11-04'),(4,82,'2013-11-09'),(5,1,'2013-07-29'),(5,2,'2013-07-29'),(5,3,'2013-07-29'),(5,4,'2013-07-29'),(5,5,'2013-07-29'),(5,6,'2013-07-29'),(5,7,'2013-07-29'),(5,8,'2013-07-30'),(5,9,'2013-07-30'),(5,10,'2013-07-30'),(5,11,'2013-07-30'),(5,12,'2013-07-30'),(5,13,'2013-07-30'),(5,14,'2013-07-30'),(5,15,'2013-07-31'),(5,16,'2013-08-02'),(5,17,'2013-08-02'),(5,18,'2013-08-02'),(5,19,'2013-08-03'),(5,20,'2013-08-05'),(5,21,'2013-08-06'),(5,22,'2013-08-05'),(5,23,'2013-08-06'),(5,24,'2013-08-06'),(5,25,'2013-08-06'),(5,26,'2013-08-06'),(5,27,'2013-08-08'),(5,28,'2013-08-28'),(5,29,'2013-08-09'),(5,30,'2013-08-09'),(5,34,'2013-03-31'),(5,35,'2013-08-10'),(5,36,'2013-08-09'),(5,37,'2013-06-25'),(5,38,'2013-08-12'),(5,39,'2013-08-12'),(5,40,'2013-08-13'),(5,41,'2013-08-16'),(5,43,'2013-08-15'),(5,44,'2013-08-15'),(5,45,'2013-08-14'),(5,46,'2013-07-30'),(5,47,'2013-08-14'),(5,48,'2013-08-19'),(5,49,'2013-08-13'),(5,50,'2013-03-27'),(5,51,'2013-08-19'),(5,52,'2013-08-02'),(5,53,'2013-08-23'),(5,54,'2013-08-20'),(5,55,'2013-08-20'),(5,56,'2013-07-30'),(5,57,'2013-08-20'),(5,58,'2013-08-20'),(5,59,'2013-08-21'),(5,60,'2013-08-21'),(5,61,'2013-08-23'),(5,62,'2013-08-22'),(5,63,'2013-08-22'),(5,64,'2013-08-22'),(5,67,'2013-08-28'),(5,70,'2013-08-26'),(5,71,'2013-08-26'),(5,73,'2013-08-27'),(5,74,'2013-09-07'),(5,75,'2013-09-08'),(5,76,'2013-09-10'),(5,77,'2013-09-10'),(5,82,'2013-09-21'),(5,86,'2013-10-11'),(5,87,'2013-10-11'),(5,89,'2013-10-26'),(5,90,'2013-10-29'),(5,91,'2013-10-23'),(5,95,'2013-10-05'),(5,96,'2013-10-05'),(5,97,'2013-10-06'),(5,98,'2013-10-07'),(5,99,'2013-10-10'),(5,119,'2013-09-28'),(5,120,'2013-09-27'),(5,121,'2013-09-30'),(5,122,'2013-09-30'),(5,131,'2013-08-20'),(5,181,'2013-11-05'),(5,184,'2013-11-05'),(5,207,'2013-08-13'),(5,241,'2013-07-31'),(6,1,'2013-06-20'),(6,2,'2013-06-21'),(6,3,'2013-06-21'),(6,4,'2013-06-26'),(6,5,'2013-06-24'),(6,6,'2013-06-27'),(6,7,'2013-07-29'),(6,8,'2013-07-30'),(6,9,'2013-07-30'),(6,10,'2013-07-31'),(6,11,'2013-07-31'),(6,12,'2013-08-05'),(6,13,'2013-08-05'),(6,14,'2013-06-29'),(6,15,'2013-08-07'),(6,16,'2013-08-06'),(6,17,'2013-08-08'),(6,18,'2013-07-05'),(6,19,'2013-08-09'),(6,20,'2013-08-09'),(6,21,'2013-08-10'),(6,22,'2013-08-12'),(6,23,'2013-08-03'),(6,24,'2013-08-03'),(6,25,'2013-08-03'),(6,26,'2013-08-12'),(6,27,'2013-08-13'),(6,28,'2013-08-15'),(6,29,'2013-08-14'),(6,30,'2013-08-16'),(6,31,'2013-08-16'),(6,34,'2013-08-19'),(6,35,'2013-08-19'),(6,36,'2013-08-05'),(6,37,'2013-08-01'),(6,38,'2013-08-19'),(6,39,'2013-02-21'),(6,40,'2013-08-22'),(6,41,'2013-08-26'),(6,42,'2013-08-21'),(6,43,'2013-08-23'),(6,44,'2013-08-24'),(6,45,'2013-08-19'),(6,46,'2013-08-19'),(6,47,'2013-08-21'),(6,48,'2013-08-20'),(6,49,'2013-08-24'),(6,50,'2013-08-23'),(6,51,'2013-08-27'),(6,52,'2013-08-06'),(6,53,'2013-08-27'),(6,54,'2013-08-26'),(6,55,'2013-08-26'),(6,56,'2013-06-29'),(6,57,'2013-08-26'),(6,58,'2013-08-26'),(6,59,'2013-08-27'),(6,60,'2013-08-28'),(6,61,'2013-08-28'),(6,62,'2013-08-31'),(6,63,'2013-08-27'),(6,64,'2013-08-28'),(6,65,'2013-10-14'),(6,66,'2013-05-14'),(6,67,'2013-08-15'),(6,68,'2013-10-26'),(6,69,'2013-10-24'),(6,70,'2013-10-24'),(6,71,'2013-10-25'),(6,72,'2013-10-28'),(6,73,'2013-10-28'),(6,75,'2013-10-18'),(6,77,'2013-10-30'),(6,78,'2013-11-02'),(6,86,'2013-11-07'),(6,87,'2013-11-05'),(6,93,'2013-08-02'),(6,148,'2013-06-04'),(6,207,'2013-08-24'),(6,241,'2013-08-07'),(7,1,'2013-08-05'),(7,3,'2013-07-29'),(7,4,'2013-08-05'),(7,6,'2013-08-05'),(7,7,'2013-08-05'),(7,8,'2013-08-05'),(7,9,'2013-08-05'),(7,11,'2013-08-05'),(7,13,'2013-07-30'),(7,14,'2013-10-22'),(7,17,'2013-10-22'),(7,20,'2013-10-26'),(7,21,'2013-10-26'),(7,23,'2013-11-05'),(7,24,'2013-11-05'),(7,25,'2013-11-05'),(7,27,'2013-10-29'),(7,30,'2013-11-05'),(7,31,'2013-11-07'),(7,50,'2013-03-25'),(7,56,'2013-10-22'),(7,58,'2013-10-24'),(7,74,'2013-08-06'),(7,77,'2013-08-07'),(7,78,'2013-08-08'),(7,80,'2013-08-10'),(7,81,'2013-08-09'),(7,85,'2013-10-04'),(7,86,'2013-07-23'),(7,87,'2013-08-12'),(7,88,'2013-07-31'),(7,90,'2013-07-29'),(7,91,'2013-10-23'),(7,92,'2013-07-30'),(7,155,'2013-09-19'),(7,156,'2013-09-24'),(7,159,'2013-08-16'),(7,164,'2013-06-20'),(7,165,'2013-09-13'),(7,166,'2013-09-12'),(7,167,'2013-10-08'),(7,168,'2013-10-10'),(7,169,'2013-08-09'),(7,170,'2013-10-04'),(7,171,'2013-10-15'),(7,173,'2013-09-12'),(7,174,'2013-09-28'),(7,175,'2013-10-08'),(7,176,'2013-10-10'),(7,179,'2013-09-18'),(7,191,'2013-07-31'),(7,193,'2013-08-13'),(7,205,'2013-10-04'),(7,263,'2013-10-17'),(7,268,'2013-08-02'),(8,1,'2013-08-05'),(8,2,'2013-08-03'),(8,3,'2013-08-05'),(8,4,'2013-08-05'),(8,5,'2013-08-05'),(8,6,'2013-08-03'),(8,7,'2013-08-03'),(8,8,'2013-08-07'),(8,9,'2013-08-06'),(8,10,'2013-08-06'),(8,11,'2013-08-07'),(8,12,'2013-08-05'),(8,13,'2013-08-08'),(8,14,'2013-07-29'),(8,15,'2013-08-18'),(8,16,'2013-08-12'),(8,17,'2013-08-13'),(8,18,'2013-08-14'),(8,19,'2013-08-15'),(8,20,'2013-08-16'),(8,21,'2013-08-16'),(8,22,'2013-08-14'),(8,23,'2013-08-14'),(8,24,'2013-08-14'),(8,25,'2013-08-14'),(8,26,'2013-08-17'),(8,27,'2013-10-08'),(8,28,'2013-10-12'),(8,30,'2013-08-14'),(8,34,'2013-08-19'),(8,35,'2013-08-19'),(8,36,'2013-08-10'),(8,37,'2013-06-21'),(8,38,'2013-08-19'),(8,39,'2013-08-19'),(8,42,'2013-08-20'),(8,43,'2013-08-21'),(8,44,'2013-08-23'),(8,45,'2013-08-10'),(8,46,'2013-06-21'),(8,47,'2013-08-20'),(8,48,'2013-08-22'),(8,49,'2013-08-23'),(8,50,'2013-08-22'),(8,51,'2013-08-27'),(8,52,'2013-08-12'),(8,53,'2013-08-27'),(8,54,'2013-08-26'),(8,55,'2013-08-26'),(8,56,'2013-07-29'),(8,57,'2013-08-26'),(8,58,'2013-08-26'),(8,59,'2013-08-27'),(8,60,'2013-08-30'),(8,62,'2013-08-28'),(8,63,'2013-08-28'),(8,64,'2013-08-30'),(8,65,'2013-09-06'),(8,66,'2013-10-11'),(8,67,'2013-10-12'),(8,68,'2013-09-24'),(8,69,'2013-10-12'),(8,70,'2013-08-22'),(8,71,'2013-10-11'),(8,72,'2013-10-15'),(8,73,'2013-08-22'),(8,74,'2013-10-17'),(8,76,'2013-10-22'),(8,82,'2013-11-05'),(8,83,'2013-11-05'),(8,84,'2013-11-06'),(8,85,'2013-11-07'),(8,86,'2013-10-19'),(8,87,'2013-10-24'),(8,89,'2013-11-01'),(8,90,'2013-10-29'),(8,92,'2013-10-31'),(8,93,'2013-10-25'),(8,207,'2013-08-23'),(8,241,'2013-08-18'),(9,1,'2013-06-23'),(9,2,'2013-07-29'),(9,3,'2013-07-29'),(9,4,'2013-07-30'),(9,5,'2013-07-30'),(9,6,'2013-07-30'),(9,7,'2013-07-29'),(9,8,'2013-07-30'),(9,9,'2013-07-30'),(9,10,'2013-08-01'),(9,11,'2013-08-01'),(9,12,'2013-08-01'),(9,13,'2013-08-01'),(9,14,'2013-08-02'),(9,15,'2013-08-06'),(9,16,'2013-08-03'),(9,17,'2013-08-06'),(9,18,'2013-08-07'),(9,19,'2013-08-08'),(9,20,'2013-08-08'),(9,21,'2013-08-09'),(9,22,'2013-08-09'),(9,23,'2013-08-10'),(9,24,'2013-08-12'),(9,25,'2013-08-12'),(9,26,'2013-08-14'),(9,27,'2013-08-15'),(9,28,'2013-09-19'),(9,29,'2013-08-15'),(9,30,'2013-08-16'),(9,31,'2013-08-17'),(9,32,'2013-08-19'),(9,33,'2013-08-19'),(9,34,'2013-03-31'),(9,35,'2013-08-20'),(9,36,'2013-08-20'),(9,37,'2013-06-21'),(9,38,'2013-08-02'),(9,39,'2013-07-30'),(9,40,'2013-08-20'),(9,41,'2013-08-20'),(9,42,'2013-08-21'),(9,43,'2013-08-21'),(9,44,'2013-08-21'),(9,45,'2013-08-21'),(9,46,'2013-07-30'),(9,47,'2013-08-22'),(9,48,'2013-08-22'),(9,49,'2013-08-22'),(9,50,'2013-08-22'),(9,51,'2013-08-23'),(9,52,'2013-08-03'),(9,53,'2013-08-23'),(9,54,'2013-08-26'),(9,55,'2013-08-26'),(9,56,'2013-08-02'),(9,57,'2013-08-26'),(9,58,'2013-08-26'),(9,59,'2013-08-27'),(9,60,'2013-08-27'),(9,61,'2013-08-28'),(9,62,'2013-08-28'),(9,63,'2013-08-27'),(9,64,'2013-08-30'),(9,65,'2013-09-18'),(9,66,'2013-09-18'),(9,67,'2013-09-19'),(9,68,'2013-09-19'),(9,69,'2013-09-21'),(9,70,'2013-09-19'),(9,71,'2013-09-19'),(9,72,'2013-09-23'),(9,73,'2013-09-24'),(9,74,'2013-10-14'),(9,75,'2013-10-15'),(9,76,'2013-10-17'),(9,77,'2013-10-17'),(9,78,'2013-10-18'),(9,79,'2013-10-18'),(9,81,'2013-10-21'),(9,82,'2013-10-23'),(9,83,'2013-10-24'),(9,84,'2013-10-24'),(9,85,'2013-10-25'),(9,86,'2013-11-03'),(9,87,'2013-11-05'),(9,89,'2013-11-06'),(9,90,'2013-11-07'),(9,91,'2013-11-09'),(9,93,'2013-09-27'),(9,95,'2013-10-09'),(9,134,'2013-10-10'),(9,135,'2013-10-10'),(9,169,'2013-10-21'),(9,207,'2013-08-22'),(9,241,'2013-08-06'),(10,1,'2013-08-03'),(10,2,'2013-08-03'),(10,3,'2013-08-05'),(10,4,'2013-08-05'),(10,5,'2013-08-05'),(10,6,'2013-08-01'),(10,7,'2013-08-01'),(10,9,'2013-08-06'),(10,10,'2013-08-07'),(10,11,'2013-08-07'),(10,12,'2013-08-03'),(10,13,'2013-08-07'),(10,14,'2013-07-30'),(10,16,'2013-08-14'),(10,17,'2013-08-06'),(10,18,'2013-08-06'),(10,19,'2013-08-13'),(10,20,'2013-08-08'),(10,21,'2013-08-09'),(10,22,'2013-08-09'),(10,23,'2013-08-08'),(10,24,'2013-08-08'),(10,25,'2013-08-08'),(10,26,'2013-08-12'),(10,27,'2013-08-15'),(10,28,'2013-10-07'),(10,29,'2013-08-14'),(10,30,'2013-08-18'),(10,32,'2013-08-14'),(10,34,'2013-08-19'),(10,35,'2013-08-19'),(10,36,'2013-08-15'),(10,37,'2013-06-21'),(10,38,'2013-08-19'),(10,39,'2013-06-21'),(10,40,'2013-08-23'),(10,42,'2013-08-19'),(10,43,'2013-08-22'),(10,44,'2013-08-22'),(10,45,'2013-08-14'),(10,46,'2013-06-21'),(10,47,'2013-08-20'),(10,48,'2013-08-06'),(10,49,'2013-08-21'),(10,50,'2013-08-21'),(10,51,'2013-08-29'),(10,52,'2013-08-14'),(10,53,'2013-08-30'),(10,54,'2013-08-30'),(10,55,'2013-08-27'),(10,56,'2013-07-30'),(10,57,'2013-08-23'),(10,58,'2013-08-28'),(10,59,'2013-08-27'),(10,60,'2013-08-28'),(10,61,'2013-08-30'),(10,62,'2013-08-30'),(10,64,'2013-08-30'),(10,65,'2013-09-19'),(10,67,'2013-10-07'),(10,69,'2013-10-07'),(10,70,'2013-09-28'),(10,73,'2013-09-28'),(10,81,'2013-10-08'),(10,82,'2013-10-12'),(10,83,'2013-10-22'),(10,84,'2013-10-13'),(10,85,'2013-10-23'),(10,86,'2013-10-15'),(10,87,'2013-10-19'),(10,89,'2013-10-17'),(10,90,'2013-11-09'),(10,91,'2013-10-31'),(10,92,'2013-10-25'),(10,132,'2013-09-06'),(11,1,'2013-10-08'),(11,2,'2013-10-08'),(11,3,'2013-10-08'),(11,5,'2013-10-08'),(11,6,'2013-10-08'),(11,9,'2013-10-08'),(11,14,'2013-10-08'),(11,15,'2013-10-08'),(11,16,'2013-08-12'),(11,17,'2013-10-08'),(11,18,'2013-10-08'),(11,19,'2013-08-12'),(11,20,'2013-08-12'),(11,21,'2013-08-13'),(11,22,'2013-08-14'),(11,23,'2013-10-08'),(11,24,'2013-10-08'),(11,25,'2013-10-08'),(11,27,'2013-08-20'),(11,28,'2013-09-14'),(11,30,'2013-10-08'),(11,34,'2013-10-08'),(11,35,'2013-08-19'),(11,36,'2013-10-08'),(11,37,'2013-10-08'),(11,38,'2013-08-19'),(11,39,'2013-10-08'),(11,40,'2013-08-20'),(11,41,'2013-08-24'),(11,43,'2013-08-20'),(11,44,'2013-08-22'),(11,45,'2013-10-08'),(11,46,'2013-10-08'),(11,47,'2013-08-20'),(11,48,'2013-10-08'),(11,49,'2013-10-08'),(11,50,'2013-08-21'),(11,51,'2013-08-26'),(11,52,'2013-08-12'),(11,53,'2013-08-27'),(11,54,'2013-10-08'),(11,55,'2013-08-26'),(11,56,'2013-10-08'),(11,57,'2013-08-27'),(11,58,'2013-08-21'),(11,59,'2013-08-27'),(11,60,'2013-08-29'),(11,62,'2013-08-28'),(11,65,'2013-09-24'),(11,66,'2013-09-25'),(11,67,'2013-09-14'),(11,68,'2013-09-14'),(11,69,'2013-09-16'),(11,70,'2013-08-21'),(11,71,'2013-09-17'),(11,73,'2013-10-08'),(11,75,'2013-09-28'),(11,77,'2013-09-28'),(11,78,'2013-09-28'),(11,79,'2013-09-26'),(11,80,'2013-09-26'),(11,81,'2013-09-25'),(11,82,'2013-09-23'),(11,83,'2013-09-21'),(11,84,'2013-09-21'),(11,85,'2013-09-20'),(11,86,'2013-10-08'),(11,87,'2013-09-18'),(11,89,'2013-10-14'),(11,90,'2013-10-31'),(11,91,'2013-10-24'),(11,92,'2013-10-25'),(11,93,'2013-09-28'),(11,94,'2013-10-10'),(11,95,'2013-11-06'),(11,169,'2013-09-25'),(11,207,'2013-10-08'),(11,241,'2013-10-08'),(12,1,'2012-05-30'),(12,2,'2012-07-14'),(12,3,'2012-11-08'),(12,4,'2012-07-14'),(12,5,'2012-11-14'),(12,6,'2012-06-30'),(12,7,'2012-04-12'),(12,8,'2012-06-09'),(12,9,'2012-07-14'),(12,10,'2012-07-14'),(12,11,'2012-07-15'),(12,12,'2012-11-25'),(12,13,'2012-11-25'),(12,14,'2012-05-31'),(12,15,'2012-11-29'),(12,16,'2012-11-28'),(12,17,'2012-11-27'),(12,18,'2012-08-08'),(12,19,'2012-11-27'),(12,20,'2012-11-27'),(12,21,'2012-11-04'),(12,22,'2012-07-14'),(12,23,'2012-12-03'),(12,24,'2012-07-14'),(12,25,'2012-08-06'),(12,26,'2012-12-08'),(12,27,'2012-12-06'),(12,28,'2012-12-04'),(12,29,'2012-12-06'),(12,30,'2012-12-06'),(12,31,'2012-12-11'),(12,32,'2012-12-11'),(12,33,'2012-12-12'),(12,34,'2012-12-13'),(12,35,'2013-01-01'),(12,36,'2012-11-05'),(12,37,'2012-07-29'),(12,38,'2012-07-27'),(12,39,'2012-08-03'),(12,40,'2012-10-18'),(12,41,'2013-01-14'),(12,42,'2013-01-19'),(12,43,'2013-01-15'),(12,44,'2013-01-15'),(12,45,'2012-11-19'),(12,46,'2012-07-23'),(12,47,'2013-01-17'),(12,48,'2013-01-17'),(12,49,'2012-08-18'),(12,50,'2013-01-18'),(12,51,'2012-05-31'),(12,52,'2012-11-28'),(12,53,'2013-01-19'),(12,54,'2012-05-31'),(12,55,'2012-06-02'),(12,56,'2012-05-31'),(12,57,'2012-08-03'),(12,58,'2012-07-15'),(12,59,'2013-01-19'),(12,60,'2013-01-20'),(12,61,'2013-01-20'),(12,62,'2013-01-20'),(12,63,'2012-07-10'),(12,64,'2013-01-20'),(12,65,'2013-01-21'),(12,66,'2012-07-30'),(12,67,'2012-12-04'),(12,68,'2012-05-02'),(12,69,'2013-01-21'),(12,70,'2012-05-02'),(12,71,'2012-07-15'),(12,72,'2013-01-22'),(12,73,'2012-04-18'),(12,74,'2013-01-23'),(12,76,'2012-04-18'),(12,77,'2012-04-19'),(12,78,'2013-01-23'),(12,79,'2013-01-26'),(12,80,'2013-01-25'),(12,81,'2012-07-30'),(12,82,'2013-01-26'),(12,83,'2013-01-29'),(12,84,'2013-01-28'),(12,85,'2013-01-29'),(12,86,'2013-01-28'),(12,87,'2012-08-11'),(12,88,'2013-02-10'),(12,89,'2013-02-10'),(12,90,'2013-02-05'),(12,91,'2013-02-03'),(12,92,'2013-02-04'),(12,93,'2012-07-23'),(12,94,'2013-02-18'),(12,100,'2013-02-21'),(12,101,'2013-02-22'),(12,102,'2013-02-21'),(12,103,'2013-03-08'),(12,104,'2013-02-22'),(12,105,'2013-02-27'),(12,106,'2013-02-25'),(12,107,'2013-02-27'),(12,110,'2013-04-01'),(12,113,'2013-04-16'),(12,114,'2013-04-17'),(12,116,'2013-02-25'),(12,118,'2013-04-17'),(12,119,'2013-06-04'),(12,120,'2013-06-03'),(12,121,'2013-06-03'),(12,122,'2013-06-18'),(12,123,'2013-06-19'),(12,124,'2013-06-20'),(12,125,'2012-07-17'),(12,126,'2013-06-18'),(12,127,'2012-08-10'),(12,128,'2012-07-28'),(12,129,'2012-10-13'),(12,130,'2013-04-18'),(12,131,'2013-04-19'),(12,132,'2013-06-17'),(12,133,'2013-06-17'),(12,134,'2012-07-20'),(12,135,'2012-07-20'),(12,136,'2013-07-06'),(12,137,'2013-07-06'),(12,138,'2013-07-06'),(12,139,'2013-07-07'),(12,140,'2013-07-08'),(12,141,'2013-07-09'),(12,142,'2013-07-09'),(12,143,'2013-07-08'),(12,144,'2012-08-12'),(12,145,'2013-07-11'),(12,146,'2013-07-11'),(12,147,'2013-07-13'),(12,148,'2012-09-26'),(12,149,'2012-09-27'),(12,150,'2013-03-30'),(12,152,'2013-07-20'),(12,154,'2013-07-22'),(12,155,'2012-07-24'),(12,156,'2012-07-24'),(12,157,'2013-07-22'),(12,158,'2012-10-18'),(12,162,'2012-12-06'),(12,164,'2013-07-22'),(12,165,'2013-07-22'),(12,166,'2012-07-30'),(12,167,'2013-07-24'),(12,169,'2012-07-30'),(12,170,'2013-07-23'),(12,172,'2013-02-27'),(12,173,'2012-09-19'),(12,175,'2013-07-24'),(12,176,'2013-08-01'),(12,179,'2013-08-09'),(12,180,'2013-08-09'),(12,181,'2013-04-24'),(12,183,'2013-08-10'),(12,184,'2013-04-24'),(12,185,'2013-08-11'),(12,188,'2013-08-12'),(12,189,'2013-08-11'),(12,205,'2013-07-23'),(12,207,'2012-08-18'),(12,210,'2013-08-08'),(12,219,'2012-10-03'),(12,226,'2013-08-09'),(12,227,'2013-04-23'),(12,228,'2013-07-28'),(12,229,'2012-10-16'),(12,230,'2012-08-20'),(12,241,'2012-11-29'),(12,255,'2012-08-23'),(12,260,'2012-09-27'),(13,1,'2012-11-23'),(13,2,'2012-11-23'),(13,3,'2012-08-18'),(13,6,'2012-11-29'),(13,7,'2012-12-02'),(13,9,'2012-07-23'),(13,10,'2012-07-24'),(13,11,'2012-07-15'),(13,14,'2012-07-23'),(13,15,'2012-07-31'),(13,16,'2013-01-24'),(13,18,'2012-08-08'),(13,19,'2012-08-13'),(13,21,'2012-08-07'),(13,22,'2012-09-06'),(13,23,'2012-08-06'),(13,24,'2012-08-03'),(13,25,'2012-12-03'),(13,26,'2012-12-11'),(13,27,'2012-07-24'),(13,28,'2012-12-13'),(13,29,'2012-12-06'),(13,30,'2013-01-18'),(13,31,'2013-01-18'),(13,32,'2012-12-12'),(13,33,'2012-12-14'),(13,34,'2012-12-14'),(13,35,'2012-07-20'),(13,36,'2012-12-20'),(13,37,'2012-12-20'),(13,38,'2012-07-28'),(13,39,'2012-07-05'),(13,40,'2013-01-02'),(13,41,'2013-01-22'),(13,42,'2013-01-22'),(13,43,'2013-01-22'),(13,44,'2013-01-22'),(13,45,'2013-01-09'),(13,46,'2013-01-22'),(13,47,'2013-01-23'),(13,48,'2013-01-23'),(13,49,'2012-09-03'),(13,50,'2013-01-19'),(13,51,'2012-07-11'),(13,52,'2013-01-24'),(13,53,'2013-01-21'),(13,54,'2012-07-12'),(13,56,'2012-07-23'),(13,57,'2012-07-31'),(13,59,'2013-01-20'),(13,60,'2013-01-25'),(13,61,'2013-01-26'),(13,62,'2013-01-26'),(13,63,'2013-01-26'),(13,64,'2013-01-27'),(13,65,'2013-01-28'),(13,66,'2013-01-29'),(13,67,'2012-12-13'),(13,68,'2013-01-29'),(13,69,'2013-01-30'),(13,70,'2013-01-26'),(13,71,'2013-01-26'),(13,72,'2013-01-30'),(13,73,'2013-01-30'),(13,74,'2013-02-06'),(13,75,'2013-02-07'),(13,76,'2013-02-07'),(13,77,'2012-07-31'),(13,78,'2013-02-08'),(13,79,'2013-02-08'),(13,80,'2013-02-08'),(13,81,'2013-02-19'),(13,82,'2013-02-08'),(13,83,'2013-02-08'),(13,84,'2013-02-09'),(13,85,'2013-02-09'),(13,86,'2013-02-10'),(13,87,'2013-02-11'),(13,88,'2013-02-11'),(13,89,'2013-02-12'),(13,90,'2013-02-12'),(13,91,'2013-02-13'),(13,92,'2012-08-17'),(13,93,'2012-07-23'),(13,94,'2013-02-20'),(13,100,'2013-03-11'),(13,101,'2013-03-12'),(13,102,'2013-03-12'),(13,103,'2013-03-13'),(13,104,'2013-03-13'),(13,105,'2013-03-21'),(13,106,'2013-03-23'),(13,107,'2013-03-23'),(13,108,'2013-04-16'),(13,109,'2013-06-17'),(13,110,'2013-06-18'),(13,111,'2013-06-19'),(13,112,'2013-06-19'),(13,113,'2013-06-19'),(13,114,'2013-06-21'),(13,116,'2013-03-23'),(13,117,'2013-06-22'),(13,118,'2013-06-25'),(13,119,'2012-08-08'),(13,120,'2012-09-05'),(13,121,'2012-07-27'),(13,122,'2013-07-10'),(13,123,'2013-07-11'),(13,124,'2013-07-13'),(13,125,'2013-07-14'),(13,126,'2013-07-29'),(13,127,'2012-08-09'),(13,128,'2013-07-29'),(13,129,'2013-07-29'),(13,130,'2012-09-05'),(13,131,'2013-08-15'),(13,132,'2012-07-05'),(13,133,'2012-07-08'),(13,136,'2013-09-02'),(13,137,'2013-09-03'),(13,138,'2013-09-03'),(13,139,'2013-09-11'),(13,140,'2013-09-03'),(13,141,'2013-08-16'),(13,142,'2013-08-26'),(13,143,'2013-08-25'),(13,144,'2013-08-25'),(13,145,'2013-09-17'),(13,146,'2013-09-16'),(13,147,'2013-09-17'),(13,148,'2013-08-16'),(13,149,'2013-08-17'),(13,150,'2013-08-18'),(13,152,'2013-08-24'),(13,154,'2013-08-25'),(13,155,'2013-09-19'),(13,156,'2013-09-19'),(13,157,'2013-09-19'),(13,158,'2013-09-20'),(13,166,'2012-10-09'),(13,169,'2013-02-19'),(13,172,'2013-03-23'),(13,181,'2013-07-13'),(13,183,'2013-09-13'),(13,184,'2013-07-13'),(13,207,'2012-09-03'),(13,229,'2012-10-11'),(13,230,'2013-09-16'),(13,241,'2012-07-31'),(13,251,'2013-08-27'),(13,255,'2013-08-15'),(13,260,'2013-08-17'),(14,1,'2012-11-28'),(14,2,'2013-08-04'),(14,3,'2012-08-18'),(14,4,'2012-07-30'),(14,5,'2013-08-08'),(14,6,'2012-07-17'),(14,7,'2013-08-08'),(14,8,'2013-08-08'),(14,9,'2013-08-08'),(14,10,'2013-08-08'),(14,11,'2013-08-08'),(14,12,'2013-08-08'),(14,13,'2013-08-08'),(14,14,'2012-08-27'),(14,15,'2013-08-19'),(14,16,'2013-08-15'),(14,17,'2013-08-19'),(14,18,'2012-08-06'),(14,19,'2013-08-19'),(14,20,'2012-11-22'),(14,21,'2012-05-25'),(14,22,'2013-08-19'),(14,23,'2012-12-03'),(14,24,'2013-08-19'),(14,25,'2013-08-19'),(14,26,'2013-08-19'),(14,27,'2012-07-24'),(14,28,'2012-12-14'),(14,29,'2012-07-25'),(14,30,'2012-07-25'),(14,31,'2013-08-19'),(14,32,'2012-07-30'),(14,33,'2012-12-07'),(14,36,'2012-05-21'),(14,37,'2012-05-21'),(14,38,'2013-11-08'),(14,45,'2013-08-04'),(14,46,'2012-08-27'),(14,49,'2012-08-13'),(14,50,'2012-08-08'),(14,52,'2013-08-15'),(14,56,'2012-08-27'),(14,67,'2012-12-14'),(14,73,'2012-08-18'),(14,79,'2013-07-29'),(14,80,'2013-08-10'),(14,81,'2012-07-30'),(14,82,'2013-03-25'),(14,87,'2012-08-11'),(14,93,'2013-08-11'),(14,100,'2013-03-04'),(14,101,'2013-03-04'),(14,102,'2013-03-08'),(14,103,'2013-07-29'),(14,104,'2013-03-11'),(14,105,'2013-07-29'),(14,106,'2013-07-29'),(14,107,'2013-07-29'),(14,108,'2013-07-29'),(14,109,'2013-08-16'),(14,110,'2013-05-28'),(14,111,'2013-07-29'),(14,112,'2013-06-01'),(14,113,'2012-12-08'),(14,116,'2013-07-29'),(14,119,'2013-07-30'),(14,121,'2013-07-31'),(14,128,'2013-08-19'),(14,129,'2013-08-19'),(14,130,'2013-08-11'),(14,131,'2013-08-12'),(14,132,'2013-08-16'),(14,133,'2013-08-16'),(14,135,'2013-08-19'),(14,166,'2012-07-30'),(14,169,'2012-07-30'),(14,172,'2013-07-29'),(14,206,'2013-08-20'),(14,207,'2012-08-13'),(14,208,'2013-04-16'),(14,210,'2013-09-09'),(14,212,'2013-08-12'),(14,213,'2013-08-12'),(14,217,'2013-04-15'),(14,218,'2013-02-02'),(14,219,'2012-10-04'),(14,220,'2013-08-21'),(14,221,'2013-08-22'),(14,222,'2013-09-06'),(14,224,'2013-09-03'),(14,226,'2013-08-12'),(14,229,'2012-10-08'),(14,233,'2013-10-06'),(14,235,'2013-10-05'),(14,241,'2013-08-19'),(15,1,'2012-04-03'),(15,2,'2012-04-09'),(15,3,'2012-04-13'),(15,4,'2012-04-12'),(15,5,'2012-04-15'),(15,8,'2012-10-26'),(15,9,'2012-10-29'),(15,10,'2012-11-08'),(15,11,'2012-11-08'),(15,12,'2012-11-25'),(15,13,'2012-11-25'),(15,14,'2013-01-19'),(15,16,'2013-01-21'),(15,17,'2012-07-17'),(15,18,'2012-07-17'),(15,19,'2012-07-18'),(15,20,'2012-11-10'),(15,21,'2012-08-07'),(15,22,'2012-11-13'),(15,23,'2012-11-15'),(15,24,'2012-11-20'),(15,25,'2012-12-06'),(15,26,'2012-12-06'),(15,27,'2012-12-16'),(15,28,'2012-12-16'),(15,29,'2012-12-16'),(15,30,'2012-12-16'),(15,31,'2012-12-16'),(15,32,'2013-01-18'),(15,33,'2013-01-18'),(15,34,'2012-04-18'),(15,35,'2012-04-19'),(15,37,'2013-01-18'),(15,38,'2013-01-18'),(15,39,'2012-08-03'),(15,40,'2013-01-18'),(15,42,'2013-05-11'),(15,46,'2013-01-23'),(15,49,'2013-01-19'),(15,51,'2013-01-19'),(15,52,'2013-01-21'),(15,53,'2013-01-24'),(15,54,'2013-01-24'),(15,55,'2012-07-31'),(15,56,'2013-01-19'),(15,57,'2013-01-19'),(15,58,'2013-01-24'),(15,59,'2013-01-24'),(15,61,'2013-01-27'),(15,62,'2013-01-22'),(15,63,'2013-01-22'),(15,64,'2013-01-25'),(15,65,'2012-08-10'),(15,66,'2013-01-26'),(15,67,'2012-12-16'),(15,68,'2013-01-25'),(15,69,'2013-01-25'),(15,70,'2013-01-26'),(15,71,'2013-01-26'),(15,72,'2013-01-22'),(15,73,'2013-01-26'),(15,74,'2012-10-24'),(15,77,'2012-07-31'),(15,78,'2013-02-19'),(15,79,'2013-02-19'),(15,80,'2013-02-19'),(15,82,'2013-02-21'),(15,83,'2013-02-21'),(15,84,'2013-02-23'),(15,85,'2013-02-25'),(15,86,'2013-02-27'),(15,87,'2013-02-27'),(15,88,'2013-03-09'),(15,89,'2013-03-09'),(15,91,'2012-08-16'),(15,92,'2013-03-01'),(15,93,'2013-03-01'),(15,95,'2013-03-06'),(15,100,'2013-03-10'),(15,101,'2013-03-11'),(15,102,'2013-03-11'),(15,103,'2013-03-12'),(15,104,'2013-03-12'),(15,105,'2013-06-18'),(15,106,'2013-06-23'),(15,108,'2013-08-06'),(15,110,'2013-08-09'),(15,113,'2013-08-09'),(15,114,'2013-09-07'),(15,116,'2013-06-23'),(15,119,'2013-09-06'),(15,120,'2013-09-06'),(15,121,'2013-09-07'),(15,122,'2013-09-10'),(15,123,'2013-09-10'),(15,137,'2013-09-10'),(15,138,'2013-09-11'),(15,139,'2013-09-12'),(15,140,'2013-09-12'),(15,141,'2013-05-11'),(15,142,'2013-06-27'),(15,143,'2013-05-15'),(15,144,'2013-06-27'),(15,145,'2013-07-23'),(15,146,'2013-07-23'),(15,148,'2013-09-18'),(15,149,'2013-09-19'),(15,150,'2013-05-20'),(15,151,'2013-09-19'),(15,166,'2012-07-30'),(15,182,'2013-09-04'),(15,207,'2013-01-19'),(15,260,'2013-09-19'),(16,1,'2012-11-14'),(16,2,'2012-11-14'),(16,3,'2012-11-15'),(16,4,'2012-11-26'),(16,5,'2012-11-27'),(16,7,'2012-11-26'),(16,14,'2013-01-19'),(16,15,'2012-12-03'),(16,16,'2012-12-01'),(16,17,'2012-11-27'),(16,18,'2012-08-09'),(16,19,'2012-11-29'),(16,21,'2012-08-11'),(16,22,'2012-11-28'),(16,26,'2012-12-13'),(16,27,'2012-12-05'),(16,28,'2012-12-06'),(16,29,'2012-12-06'),(16,30,'2012-12-08'),(16,31,'2012-12-10'),(16,33,'2012-12-12'),(16,34,'2012-11-18'),(16,38,'2012-12-19'),(16,39,'2012-08-03'),(16,40,'2012-12-22'),(16,41,'2013-01-19'),(16,42,'2013-01-23'),(16,43,'2013-01-18'),(16,44,'2013-01-20'),(16,46,'2013-01-08'),(16,47,'2013-01-21'),(16,48,'2013-01-22'),(16,49,'2013-01-11'),(16,50,'2013-01-16'),(16,51,'2013-01-21'),(16,52,'2012-12-01'),(16,53,'2013-01-22'),(16,54,'2013-01-20'),(16,55,'2013-01-21'),(16,56,'2013-01-19'),(16,57,'2013-01-21'),(16,58,'2013-01-18'),(16,59,'2013-01-22'),(16,60,'2013-01-19'),(16,61,'2013-01-23'),(16,62,'2013-01-24'),(16,63,'2013-01-24'),(16,64,'2013-01-30'),(16,66,'2013-01-30'),(16,67,'2012-12-06'),(16,68,'2013-01-25'),(16,72,'2013-01-27'),(16,73,'2012-08-21'),(16,74,'2013-01-26'),(16,75,'2013-01-25'),(16,77,'2012-07-31'),(16,78,'2013-02-19'),(16,79,'2013-02-19'),(16,80,'2013-02-20'),(16,81,'2012-07-31'),(16,82,'2013-02-21'),(16,83,'2013-02-21'),(16,84,'2013-02-22'),(16,85,'2013-02-22'),(16,86,'2013-02-24'),(16,87,'2012-08-11'),(16,88,'2013-02-27'),(16,89,'2013-02-28'),(16,90,'2013-02-27'),(16,91,'2012-08-16'),(16,92,'2012-08-16'),(16,93,'2013-02-25'),(16,94,'2013-02-25'),(16,101,'2013-03-20'),(16,103,'2013-04-09'),(16,106,'2013-05-31'),(16,107,'2013-04-22'),(16,108,'2013-05-22'),(16,109,'2013-05-26'),(16,110,'2013-05-27'),(16,111,'2013-05-28'),(16,112,'2013-05-29'),(16,113,'2013-05-18'),(16,114,'2013-05-29'),(16,116,'2013-05-31'),(16,117,'2013-06-02'),(16,118,'2013-06-04'),(16,119,'2013-04-25'),(16,120,'2013-09-04'),(16,121,'2013-08-27'),(16,122,'2013-08-28'),(16,123,'2013-08-31'),(16,125,'2013-09-05'),(16,126,'2013-09-06'),(16,127,'2012-08-15'),(16,128,'2013-06-04'),(16,129,'2013-06-05'),(16,130,'2013-06-24'),(16,131,'2013-06-25'),(16,132,'2013-06-17'),(16,133,'2013-06-23'),(16,134,'2013-05-08'),(16,135,'2013-05-09'),(16,136,'2013-07-18'),(16,137,'2013-07-20'),(16,138,'2013-07-23'),(16,139,'2013-07-29'),(16,141,'2013-08-02'),(16,142,'2013-08-11'),(16,143,'2013-08-02'),(16,144,'2013-08-10'),(16,145,'2013-08-03'),(16,146,'2013-08-06'),(16,147,'2013-08-10'),(16,148,'2013-08-12'),(16,149,'2013-08-12'),(16,150,'2013-08-19'),(16,152,'2013-08-19'),(16,155,'2013-10-18'),(16,156,'2013-10-18'),(16,157,'2013-10-22'),(16,158,'2013-10-22'),(16,159,'2013-10-26'),(16,162,'2013-10-27'),(16,164,'2013-11-07'),(16,166,'2012-07-31'),(16,169,'2012-07-31'),(16,172,'2013-04-22'),(16,207,'2013-01-11'),(16,241,'2012-12-03'),(16,260,'2013-08-12'),(17,1,'2011-10-24'),(17,2,'2012-02-23'),(17,3,'2012-02-23'),(17,4,'2012-02-24'),(17,5,'2012-02-24'),(17,6,'2012-02-24'),(17,7,'2012-02-25'),(17,8,'2012-02-25'),(17,9,'2012-02-25'),(17,10,'2012-02-25'),(17,11,'2012-02-26'),(17,12,'2012-02-28'),(17,13,'2012-02-26'),(17,14,'2012-02-29'),(17,15,'2012-03-01'),(17,16,'2012-03-02'),(17,17,'2012-03-03'),(17,18,'2012-03-04'),(17,19,'2012-03-07'),(17,20,'2012-03-08'),(17,21,'2012-03-08'),(17,22,'2012-03-09'),(17,23,'2011-07-28'),(17,24,'2011-07-28'),(17,25,'2012-03-09'),(17,26,'2012-03-10'),(17,27,'2012-03-11'),(17,28,'2011-10-09'),(17,29,'2012-03-14'),(17,30,'2012-03-14'),(17,31,'2012-03-15'),(17,32,'2012-03-17'),(17,33,'2012-03-19'),(17,34,'2012-03-21'),(17,35,'2012-03-22'),(17,36,'2012-03-23'),(17,37,'2012-03-23'),(17,38,'2012-03-23'),(17,39,'2012-03-23'),(17,40,'2011-07-23'),(17,41,'2012-03-27'),(17,42,'2012-03-29'),(17,43,'2012-03-29'),(17,44,'2012-03-30'),(17,45,'2012-03-31'),(17,46,'2012-03-31'),(17,47,'2012-04-01'),(17,48,'2012-04-02'),(17,49,'2012-04-02'),(17,50,'2012-04-06'),(17,51,'2012-04-07'),(17,52,'2012-03-02'),(17,53,'2012-04-12'),(17,54,'2012-04-13'),(17,55,'2012-04-13'),(17,56,'2012-02-29'),(17,57,'2012-04-17'),(17,58,'2012-04-18'),(17,59,'2012-04-19'),(17,61,'2012-04-19'),(17,63,'2011-10-19'),(17,64,'2011-10-20'),(17,65,'2012-04-20'),(17,66,'2012-04-26'),(17,67,'2011-10-09'),(17,68,'2012-04-29'),(17,69,'2012-04-29'),(17,70,'2012-04-29'),(17,71,'2011-08-03'),(17,72,'2012-04-30'),(17,73,'2012-04-30'),(17,74,'2012-05-03'),(17,75,'2012-05-01'),(17,76,'2012-05-03'),(17,77,'2012-05-03'),(17,78,'2012-05-04'),(17,79,'2012-05-04'),(17,80,'2012-05-05'),(17,81,'2012-05-06'),(17,82,'2012-05-19'),(17,83,'2012-05-19'),(17,84,'2012-05-20'),(17,85,'2012-05-20'),(17,86,'2012-05-21'),(17,87,'2012-05-24'),(17,88,'2012-05-22'),(17,89,'2012-05-25'),(17,90,'2012-05-28'),(17,91,'2012-06-08'),(17,92,'2012-06-08'),(17,100,'2012-06-09'),(17,101,'2012-06-23'),(17,102,'2012-06-23'),(17,103,'2012-06-24'),(17,104,'2012-06-10'),(17,105,'2012-06-25'),(17,106,'2012-06-28'),(17,107,'2012-06-28'),(17,109,'2012-02-15'),(17,110,'2012-02-14'),(17,111,'2012-06-30'),(17,112,'2012-06-30'),(17,113,'2012-02-15'),(17,114,'2012-07-21'),(17,115,'2013-01-24'),(17,116,'2012-06-28'),(17,117,'2012-07-22'),(17,118,'2012-07-22'),(17,119,'2011-11-07'),(17,120,'2011-11-05'),(17,121,'2011-08-09'),(17,122,'2011-11-06'),(17,125,'2011-08-10'),(17,126,'2011-08-12'),(17,127,'2011-08-09'),(17,128,'2012-07-30'),(17,129,'2012-07-30'),(17,130,'2012-07-30'),(17,131,'2011-12-07'),(17,132,'2011-11-27'),(17,133,'2012-07-31'),(17,134,'2012-08-03'),(17,135,'2012-08-03'),(17,136,'2012-08-10'),(17,137,'2012-08-10'),(17,138,'2012-08-10'),(17,139,'2012-08-11'),(17,140,'2012-08-11'),(17,141,'2012-08-12'),(17,142,'2012-08-12'),(17,143,'2012-08-12'),(17,144,'2012-08-12'),(17,145,'2012-08-13'),(17,146,'2012-08-13'),(17,148,'2012-08-13'),(17,150,'2012-08-13'),(17,151,'2012-08-14'),(17,155,'2012-08-21'),(17,156,'2012-08-21'),(17,157,'2012-09-03'),(17,158,'2012-09-04'),(17,159,'2012-09-05'),(17,169,'2012-05-06'),(17,170,'2012-12-08'),(17,172,'2012-06-28'),(17,173,'2012-09-19'),(17,181,'2012-09-28'),(17,183,'2012-09-29'),(17,184,'2012-09-28'),(17,185,'2013-05-12'),(17,203,'2012-12-03'),(17,204,'2013-01-21'),(17,205,'2012-12-08'),(17,206,'2013-01-22'),(17,207,'2012-04-02'),(17,208,'2013-01-22'),(17,209,'2013-01-24'),(17,210,'2013-01-25'),(17,211,'2013-01-25'),(17,217,'2012-12-09'),(17,219,'2012-05-08'),(17,220,'2013-01-29'),(17,221,'2013-01-30'),(17,222,'2013-01-30'),(17,226,'2013-01-26'),(17,227,'2013-02-22'),(17,228,'2013-02-20'),(17,229,'2012-09-19'),(17,230,'2012-08-26'),(17,241,'2012-03-01'),(18,1,'2011-10-20'),(18,2,'2012-02-20'),(18,3,'2012-02-21'),(18,4,'2012-12-05'),(18,5,'2012-02-21'),(18,6,'2012-02-22'),(18,7,'2012-02-22'),(18,8,'2012-12-05'),(18,9,'2012-02-23'),(18,12,'2012-02-23'),(18,13,'2012-02-23'),(18,14,'2012-02-23'),(18,15,'2012-02-25'),(18,16,'2012-04-13'),(18,17,'2012-02-26'),(18,18,'2012-03-24'),(18,19,'2012-03-24'),(18,20,'2012-03-23'),(18,21,'2012-02-28'),(18,22,'2012-02-28'),(18,23,'2012-04-09'),(18,24,'2011-07-28'),(18,25,'2012-04-09'),(18,26,'2012-04-09'),(18,27,'2012-04-10'),(18,28,'2012-04-10'),(18,29,'2012-04-12'),(18,30,'2012-03-01'),(18,31,'2012-03-22'),(18,32,'2012-04-13'),(18,33,'2012-12-07'),(18,34,'2012-03-01'),(18,35,'2012-03-01'),(18,36,'2012-04-13'),(18,37,'2012-04-13'),(18,38,'2012-12-07'),(18,39,'2012-12-08'),(18,40,'2012-03-27'),(18,41,'2012-04-19'),(18,42,'2012-04-20'),(18,43,'2012-04-21'),(18,46,'2012-03-28'),(18,47,'2012-03-20'),(18,48,'2012-03-20'),(18,49,'2012-08-11'),(18,50,'2012-03-29'),(18,52,'2012-04-13'),(18,53,'2012-04-16'),(18,54,'2012-05-31'),(18,55,'2012-04-16'),(18,56,'2012-02-23'),(18,57,'2012-04-16'),(18,59,'2012-04-16'),(18,60,'2012-04-16'),(18,61,'2012-04-17'),(18,62,'2012-04-18'),(18,63,'2011-10-18'),(18,64,'2011-10-18'),(18,65,'2011-11-20'),(18,66,'2011-11-20'),(18,67,'2012-04-10'),(18,68,'2011-12-03'),(18,69,'2011-12-04'),(18,70,'2011-12-03'),(18,71,'2011-08-03'),(18,73,'2011-12-11'),(18,74,'2012-05-03'),(18,75,'2012-04-21'),(18,76,'2012-05-03'),(18,77,'2012-04-21'),(18,78,'2012-05-03'),(18,79,'2012-05-04'),(18,81,'2012-05-04'),(18,82,'2012-05-06'),(18,83,'2012-05-08'),(18,84,'2012-05-08'),(18,85,'2012-05-08'),(18,86,'2012-05-09'),(18,87,'2012-05-12'),(18,89,'2012-05-19'),(18,90,'2012-05-19'),(18,91,'2012-05-15'),(18,92,'2012-05-14'),(18,93,'2012-05-17'),(18,94,'2012-05-18'),(18,95,'2012-05-20'),(18,100,'2012-05-20'),(18,101,'2012-05-21'),(18,102,'2012-05-21'),(18,104,'2012-05-22'),(18,105,'2012-05-24'),(18,106,'2012-05-24'),(18,108,'2012-05-31'),(18,109,'2012-05-30'),(18,110,'2012-06-01'),(18,111,'2012-06-01'),(18,112,'2012-06-03'),(18,113,'2012-06-04'),(18,116,'2012-05-24'),(18,117,'2012-06-10'),(18,118,'2012-06-10'),(18,119,'2012-06-11'),(18,120,'2012-06-11'),(18,121,'2011-08-10'),(18,122,'2012-06-12'),(18,123,'2012-06-13'),(18,124,'2012-07-13'),(18,125,'2011-08-12'),(18,126,'2011-08-11'),(18,127,'2011-08-09'),(18,128,'2012-07-15'),(18,129,'2012-07-16'),(18,130,'2012-07-16'),(18,131,'2012-03-26'),(18,132,'2012-07-16'),(18,133,'2012-07-16'),(18,134,'2012-07-16'),(18,135,'2012-07-17'),(18,136,'2012-07-17'),(18,137,'2012-07-17'),(18,138,'2012-07-17'),(18,139,'2012-07-18'),(18,140,'2012-07-18'),(18,141,'2012-07-18'),(18,142,'2012-07-18'),(18,143,'2012-07-18'),(18,144,'2012-07-19'),(18,145,'2012-07-19'),(18,146,'2012-07-19'),(18,147,'2012-07-20'),(18,148,'2012-07-20'),(18,149,'2012-07-20'),(18,150,'2013-04-02'),(18,151,'2012-07-22'),(18,152,'2012-07-23'),(18,153,'2012-07-23'),(18,154,'2012-07-23'),(18,155,'2012-07-25'),(18,156,'2012-07-25'),(18,157,'2012-07-25'),(18,158,'2012-07-25'),(18,159,'2012-07-25'),(18,162,'2012-07-25'),(18,163,'2012-07-26'),(18,164,'2012-07-26'),(18,165,'2012-07-26'),(18,166,'2012-05-04'),(18,169,'2012-05-04'),(18,170,'2012-07-28'),(18,171,'2012-07-28'),(18,173,'2012-07-29'),(18,174,'2012-07-30'),(18,175,'2012-07-30'),(18,176,'2012-07-30'),(18,179,'2012-07-30'),(18,180,'2012-07-31'),(18,181,'2012-07-31'),(18,184,'2012-07-31'),(18,185,'2012-08-01'),(18,203,'2012-08-04'),(18,204,'2012-08-06'),(18,205,'2012-07-28'),(18,206,'2012-08-07'),(18,207,'2012-08-11'),(18,208,'2012-08-06'),(18,212,'2012-04-25'),(18,217,'2012-08-06'),(18,218,'2012-08-14'),(18,219,'2012-08-14'),(18,220,'2012-08-15'),(18,221,'2012-08-15'),(18,222,'2012-08-16'),(18,223,'2012-08-17'),(18,224,'2012-08-17'),(18,225,'2012-08-18'),(18,226,'2012-08-18'),(18,227,'2013-03-23'),(18,228,'2013-03-28'),(18,229,'2012-05-29'),(18,230,'2012-08-20'),(18,231,'2012-08-20'),(18,238,'2012-08-21'),(18,241,'2012-02-25'),(18,244,'2012-08-22'),(18,252,'2013-02-19'),(18,253,'2013-02-19'),(18,254,'2013-02-20'),(18,260,'2012-07-20'),(1,105,'2013-11-25'),(1,106,'2013-11-25'),(1,116,'2013-11-25'),(2,100,'2013-11-24'),(2,102,'2013-11-22'),(3,122,'2013-11-19'),(3,134,'2013-11-15'),(3,135,'2013-11-15'),(3,136,'2013-11-26'),(5,88,'2013-11-12'),(5,183,'2013-11-09'),(5,185,'2013-11-12'),(5,186,'2013-11-13'),(5,188,'2013-11-18'),(5,189,'2013-11-18'),(5,266,'2013-11-18'),(5,267,'2013-11-19'),(5,269,'2013-11-19'),(6,88,'2013-11-25'),(7,22,'2013-11-16'),(7,32,'2013-11-17'),(7,34,'2013-11-23'),(7,37,'2013-11-24'),(7,46,'2013-11-24'),(8,75,'2013-11-22'),(8,77,'2013-11-22'),(8,78,'2013-11-22'),(8,79,'2013-11-24'),(8,91,'2013-11-24'),(9,92,'2013-11-12'),(9,94,'2013-11-14'),(9,96,'2013-11-15'),(9,97,'2013-11-19'),(9,98,'2013-11-26'),(10,71,'2013-11-15'),(10,93,'2013-11-23'),(10,100,'2013-11-24'),(10,102,'2013-11-22'),(10,104,'2013-11-24'),(10,169,'2013-10-08'),(10,207,'2013-08-21'),(11,100,'2013-11-24'),(11,101,'2013-11-24'),(11,102,'2013-11-22'),(11,104,'2013-11-22'),(5,193,'2013-11-26'),(9,100,'2013-11-26'),(10,134,'2013-11-26'),(14,34,'2013-11-18'),(14,39,'2013-11-18'),(14,65,'2013-11-18'),(14,69,'2013-11-18'),(14,70,'2013-11-18'),(14,71,'2013-11-18'),(14,72,'2013-11-18'),(14,74,'2013-11-18'),(14,75,'2013-11-18'),(14,77,'2013-11-18'),(14,83,'2013-11-18'),(14,84,'2013-11-18'),(14,85,'2013-11-18'),(14,86,'2013-11-18'),(14,88,'2013-11-18'),(1,107,'2013-11-26'),(1,172,'2013-11-26'),(2,104,'2013-11-26'),(4,15,'2013-11-27'),(4,241,'2013-11-27'),(5,92,'2013-11-26'),(5,191,'2013-11-26'),(2,101,'2013-11-29'),(2,105,'2013-11-30'),(2,107,'2013-12-08'),(2,172,'2013-12-08'),(4,51,'2013-12-09'),(5,127,'2013-11-29'),(6,74,'2013-11-28'),(6,76,'2013-11-29'),(6,79,'2013-12-04'),(7,38,'2013-12-01'),(8,95,'2013-11-29'),(8,96,'2013-11-29'),(8,97,'2013-11-30'),(8,100,'2013-11-27'),(8,104,'2013-12-06'),(8,164,'2013-12-01'),(9,101,'2013-11-27'),(9,102,'2013-11-28'),(9,103,'2013-12-08'),(10,79,'2013-11-28'),(11,105,'2013-11-28'),(11,106,'2013-11-29'),(11,108,'2013-11-30'),(11,116,'2013-11-29'),(11,166,'2013-11-28'),(15,6,'2013-12-09'),(15,7,'2013-12-09'),(15,15,'2013-12-09'),(15,36,'2013-12-09'),(15,147,'2013-11-29'),(15,152,'2013-12-03'),(15,241,'2013-12-09'),(1,74,'2013-12-22'),(1,75,'2013-12-25'),(1,76,'2013-12-25'),(1,77,'2013-12-27'),(1,78,'2013-12-27'),(1,79,'2013-12-28'),(1,80,'2013-12-28'),(1,81,'2013-12-29'),(1,82,'2013-12-30'),(1,83,'2013-12-31'),(1,84,'2014-01-01'),(1,85,'2014-01-02'),(1,86,'2014-01-02'),(1,87,'2014-01-03'),(1,88,'2014-01-03'),(1,169,'2013-12-29'),(2,108,'2014-01-01'),(2,109,'2013-12-26'),(2,110,'2013-12-27'),(2,229,'2013-12-26'),(4,47,'2013-12-23'),(4,53,'2013-12-10'),(4,54,'2013-12-13'),(4,55,'2013-12-19'),(4,57,'2013-12-19'),(4,58,'2013-12-25'),(4,59,'2013-12-25'),(4,60,'2013-12-26'),(5,31,'2013-12-28'),(5,93,'2013-12-19'),(5,94,'2013-12-19'),(5,126,'2013-12-26'),(5,128,'2013-12-18'),(5,129,'2013-12-26'),(5,130,'2013-12-24'),(5,134,'2013-12-23'),(5,135,'2013-12-21'),(5,229,'2013-12-26'),(6,94,'2013-12-19'),(6,134,'2013-12-28'),(6,135,'2013-12-26'),(7,43,'2013-12-14'),(7,45,'2013-12-13'),(7,47,'2013-12-13'),(7,48,'2013-12-13'),(8,29,'2013-12-20'),(8,31,'2013-12-24'),(9,173,'2013-12-24'),(10,76,'2013-12-24'),(10,77,'2013-12-24'),(10,97,'2013-12-19'),(10,105,'2013-12-19'),(11,4,'2014-01-04'),(11,7,'2014-01-04'),(12,75,'2013-12-17'),(15,41,'2013-12-13'),(15,43,'2013-12-14'),(15,44,'2013-12-17'),(15,45,'2013-12-23'),(15,47,'2013-12-28'),(15,48,'2014-01-02'),(15,50,'2014-01-03'),(15,94,'2013-12-22'),(15,153,'2013-12-23'),(15,154,'2013-12-23'),(15,155,'2013-12-27'),(15,156,'2013-12-27'),(15,157,'2013-12-28'),(15,158,'2014-01-02'),(15,181,'2014-01-04'),(15,184,'2014-01-04'),(0,1,'2013-08-05'),(0,2,'2013-08-05'),(0,3,'2013-08-05'),(0,4,'2013-08-05'),(0,5,'2013-08-05'),(0,6,'2013-02-21'),(0,7,'2013-08-05'),(0,8,'2013-08-05'),(0,9,'2013-08-05'),(0,10,'2013-08-05'),(0,11,'2013-08-05'),(0,12,'2013-08-05'),(0,13,'2013-08-05'),(0,14,'2012-12-17'),(0,15,'2013-08-14'),(0,16,'2013-08-14'),(0,17,'2013-08-13'),(0,18,'2013-02-27'),(0,19,'2013-08-14'),(0,20,'2013-08-14'),(0,21,'2013-08-14'),(0,22,'2013-08-14'),(0,23,'2012-12-03'),(0,24,'2012-12-03'),(0,25,'2012-12-03'),(0,26,'2012-12-06'),(0,27,'2012-12-02'),(0,28,'2012-12-04'),(0,29,'2012-12-02'),(0,30,'2012-12-02'),(0,31,'2012-12-03'),(0,32,'2012-12-11'),(0,33,'2012-12-12'),(0,34,'2012-12-19'),(0,35,'2013-01-21'),(0,36,'2012-12-17'),(0,37,'2013-08-01'),(0,38,'2012-12-17'),(0,39,'2012-12-20'),(0,40,'2013-08-20'),(0,41,'2013-01-23'),(0,42,'2013-01-23'),(0,43,'2013-01-15'),(0,44,'2013-01-15'),(0,45,'2013-01-07'),(0,46,'2012-12-17'),(0,47,'2013-01-17'),(0,48,'2013-01-17'),(0,49,'2012-12-17'),(0,50,'2012-12-17'),(0,51,'2012-12-17'),(0,52,'2013-08-14'),(0,53,'2013-08-26'),(0,54,'2013-08-26'),(0,55,'2012-12-17'),(0,56,'2012-12-17'),(0,57,'2012-12-17'),(0,58,'2013-01-18'),(0,59,'2013-08-26'),(0,60,'2013-01-21'),(0,61,'2013-01-21'),(0,62,'2013-01-22'),(0,63,'2013-01-24'),(0,64,'2013-01-21'),(0,65,'2013-01-22'),(0,66,'2013-01-21'),(0,67,'2012-12-04'),(0,68,'2013-01-25'),(0,69,'2013-01-21'),(0,70,'2013-01-21'),(0,71,'2013-01-21'),(0,72,'2013-01-22'),(0,73,'2013-01-21'),(0,74,'2013-01-21'),(0,75,'2013-01-21'),(0,77,'2013-01-21'),(0,78,'2013-02-19'),(0,79,'2013-02-19'),(0,80,'2013-02-19'),(0,81,'2013-02-19'),(0,82,'2013-02-19'),(0,83,'2013-02-19'),(0,84,'2013-02-19'),(0,85,'2013-02-19'),(0,86,'2013-02-19'),(0,87,'2013-02-19'),(0,88,'2013-02-25'),(0,89,'2013-02-19'),(0,90,'2013-02-19'),(0,91,'2013-02-19'),(0,92,'2013-02-19'),(0,93,'2013-02-19'),(0,94,'2013-02-20'),(0,96,'2013-03-06'),(0,100,'2013-03-07'),(0,101,'2013-03-04'),(0,102,'2013-03-07'),(0,103,'2013-03-09'),(0,104,'2013-03-11'),(0,105,'2013-03-19'),(0,106,'2013-03-19'),(0,107,'2013-03-27'),(0,113,'2013-03-18'),(0,116,'2013-03-19'),(0,169,'2013-02-19'),(0,172,'2013-03-27'),(0,207,'2012-12-17'),(0,241,'2013-08-14'),(0,253,'2013-01-18'),(0,255,'2013-01-20'),(19,1,'2009-10-31'),(19,2,'2009-11-04'),(19,3,'2009-11-15'),(19,4,'2009-11-08'),(19,5,'2009-11-22'),(19,6,'2009-12-20'),(19,8,'2010-10-11'),(19,9,'2010-04-21'),(19,10,'2010-06-24'),(19,11,'2010-06-29'),(19,12,'2010-07-01'),(19,13,'2010-06-30'),(19,14,'2010-03-02'),(19,17,'2010-06-21'),(19,18,'2010-01-25'),(19,19,'2010-01-27'),(19,20,'2010-01-27'),(19,21,'2010-01-28'),(19,22,'2010-01-29'),(19,23,'2010-01-31'),(19,24,'2010-02-01'),(19,25,'2010-02-01'),(19,26,'2010-07-01'),(19,27,'2010-02-03'),(19,28,'2010-03-19'),(19,30,'2010-02-06'),(19,31,'2010-06-27'),(19,32,'2010-02-12'),(19,33,'2011-03-08'),(19,34,'2009-12-05'),(19,35,'2010-07-08'),(19,36,'2010-06-06'),(19,37,'2009-12-07'),(19,38,'2009-12-10'),(19,40,'2010-01-03'),(19,41,'2011-05-12'),(19,42,'2011-10-06'),(19,43,'2011-05-13'),(19,44,'2011-05-13'),(19,45,'2010-05-08'),(19,46,'2010-02-18'),(19,49,'2010-02-22'),(19,51,'2010-02-24'),(19,53,'2011-05-14'),(19,54,'2010-04-22'),(19,55,'2010-07-07'),(19,56,'2010-03-02'),(19,57,'2010-06-14'),(19,58,'2010-06-25'),(19,59,'2010-07-07'),(19,60,'2011-05-14'),(19,61,'2011-05-14'),(19,62,'2011-05-16'),(19,63,'2011-05-16'),(19,64,'2010-10-11'),(19,65,'2010-03-12'),(19,66,'2010-03-18'),(19,67,'2010-03-19'),(19,68,'2010-03-19'),(19,69,'2010-03-20'),(19,70,'2010-03-20'),(19,71,'2010-03-20'),(19,72,'2010-03-20'),(19,73,'2010-03-21'),(19,74,'2010-03-27'),(19,75,'2010-03-28'),(19,76,'2010-03-28'),(19,77,'2010-03-28'),(19,78,'2010-04-01'),(19,79,'2010-04-03'),(19,80,'2010-06-10'),(19,81,'2010-06-11'),(19,82,'2010-06-11'),(19,83,'2010-08-09'),(19,84,'2010-06-12'),(19,85,'2010-06-13'),(19,86,'2011-02-20'),(19,87,'2010-04-08'),(19,88,'2011-05-18'),(19,89,'2011-06-01'),(19,90,'2011-06-03'),(19,91,'2010-04-10'),(19,92,'2010-08-07'),(19,93,'2010-04-22'),(19,94,'2010-06-26'),(19,98,'2011-01-13'),(19,100,'2010-04-25'),(19,101,'2010-06-15'),(19,103,'2011-02-24'),(19,104,'2011-03-30'),(19,105,'2010-06-22'),(19,106,'2010-07-19'),(19,107,'2011-07-12'),(19,108,'2010-08-24'),(19,110,'2010-06-19'),(19,113,'2010-08-25'),(19,114,'2011-03-16'),(19,115,'2011-04-26'),(19,116,'2010-07-19'),(19,117,'2011-10-30'),(19,119,'2010-04-05'),(19,120,'2010-05-12'),(19,121,'2010-05-22'),(19,122,'2011-05-22'),(19,123,'2011-05-23'),(19,124,'2011-05-29'),(19,125,'2010-05-15'),(19,126,'2010-11-12'),(19,127,'2010-07-26'),(19,128,'2011-02-13'),(19,129,'2010-07-27'),(19,130,'2010-06-28'),(19,131,'2010-06-29'),(19,132,'2011-05-23'),(19,133,'2010-08-24'),(19,134,'2011-03-07'),(19,135,'2009-12-05'),(19,137,'2011-06-03'),(19,138,'2011-04-24'),(19,139,'2011-06-24'),(19,140,'2011-06-25'),(19,141,'2011-03-17'),(19,142,'2011-01-24'),(19,143,'2011-03-18'),(19,144,'2011-03-18'),(19,145,'2011-03-19'),(19,146,'2011-03-20'),(19,147,'2011-03-20'),(19,148,'2011-06-28'),(19,149,'2011-06-29'),(19,150,'2011-02-09'),(19,152,'2011-07-03'),(19,153,'2011-07-06'),(19,154,'2011-07-05'),(19,155,'2010-06-22'),(19,156,'2010-08-12'),(19,157,'2010-08-12'),(19,158,'2010-08-14'),(19,159,'2010-08-22'),(19,161,'2011-03-22'),(19,162,'2010-08-15'),(19,163,'2010-08-15'),(19,164,'2011-03-22'),(19,166,'2011-01-24'),(19,167,'2011-08-17'),(19,169,'2010-06-11'),(19,170,'2010-07-21'),(19,171,'2011-07-13'),(19,172,'2011-07-12'),(19,173,'2010-08-14'),(19,174,'2011-03-23'),(19,175,'2011-07-18'),(19,176,'2011-07-18'),(19,180,'2011-01-26'),(19,181,'2010-08-23'),(19,183,'2010-09-02'),(19,184,'2010-08-23'),(19,185,'2011-07-19'),(19,191,'2011-01-25'),(19,205,'2010-07-21'),(19,207,'2010-02-22'),(19,209,'2011-04-26'),(19,210,'2011-04-27'),(19,212,'2011-05-02'),(19,213,'2010-05-22'),(19,214,'2011-05-02'),(19,215,'2011-05-04'),(19,216,'2011-05-04'),(19,217,'2010-07-22'),(19,219,'2010-07-29'),(19,220,'2010-10-11'),(19,221,'2011-04-05'),(19,222,'2011-08-12'),(19,224,'2011-08-12'),(19,225,'2011-08-12'),(19,226,'2011-07-29'),(19,227,'2011-07-23'),(19,228,'2011-07-23'),(19,229,'2010-10-30'),(19,246,'2011-03-02'),(19,255,'2011-02-02'),(19,256,'2011-03-11'),(19,257,'2011-07-31'),(19,260,'2011-06-29'),(19,262,'2011-03-27'),(19,263,'2011-03-25'),(1,89,'2014-01-04'),(1,90,'2014-01-05'),(1,91,'2014-01-06'),(1,92,'2014-01-06'),(8,32,'2014-01-04'),(15,60,'2014-01-05'),(15,75,'2014-01-07'),(15,183,'2014-01-06'),(15,185,'2014-01-06'),(15,179,'2014-01-07'),(5,136,'2014-01-11'),(15,76,'2014-01-14'),(15,81,'2014-01-13'),(15,164,'2014-01-14'),(15,169,'2014-01-13'),(16,167,'2014-01-13'),(1,108,'2014-01-15'),(7,18,'2014-01-16'),(7,19,'2014-01-16'),(7,35,'2014-01-16'),(7,36,'2014-01-16'),(8,40,'2014-01-16'),(10,119,'2014-01-16'),(10,125,'2014-01-16'),(10,128,'2014-01-16'),(10,133,'2014-01-16'),(11,26,'2014-01-16'),(11,29,'2014-01-16'),(11,120,'2014-01-16'),(13,4,'2014-01-16'),(13,5,'2014-01-16'),(13,8,'2014-01-16'),(15,90,'2014-01-15'),(15,165,'2014-01-14'),(15,167,'2014-01-14'),(15,168,'2014-01-15'),(15,170,'2014-01-15'),(15,205,'2014-01-15'),(16,168,'2014-01-15'),(13,17,'2014-01-17'),(13,20,'2014-01-17'),(13,55,'2014-01-17'),(14,35,'2014-01-17'),(7,2,'2014-01-17'),(7,12,'2014-01-17'),(7,54,'2014-01-17'),(7,75,'2014-01-17'),(7,79,'2014-01-17'),(8,41,'2014-01-17'),(8,61,'2014-01-17'),(8,81,'2014-01-17'),(13,134,'2014-01-17'),(13,135,'2014-01-17'),(14,170,'2014-01-17'),(14,205,'2014-01-17'),(2,111,'2014-01-18'),(2,113,'2014-01-17'),(2,114,'2014-01-18'),(4,18,'2014-01-18'),(4,19,'2014-01-18'),(4,20,'2014-01-18'),(5,138,'2014-01-17'),(6,95,'2014-01-17'),(6,96,'2014-01-18'),(7,82,'2014-01-18'),(7,83,'2014-01-18'),(8,102,'2014-01-18'),(8,169,'2014-01-17'),(9,113,'2014-01-17'),(10,68,'2014-01-18'),(10,72,'2014-01-18'),(10,78,'2014-01-18'),(10,80,'2014-01-18'),(10,129,'2014-01-17'),(11,11,'2014-01-18'),(11,31,'2014-01-18'),(11,97,'2014-01-18'),(11,132,'2014-01-17'),(11,133,'2014-01-17'),(11,134,'2014-01-17'),(11,135,'2014-01-17'),(4,17,'2014-01-19'),(4,21,'2014-01-19'),(4,22,'2014-01-19'),(7,84,'2014-01-19'),(7,89,'2014-01-19'),(10,66,'2014-01-19'),(13,58,'2014-01-19'),(14,66,'2014-01-19'),(14,68,'2014-01-19'),(2,118,'2014-01-19'),(5,109,'2014-01-19'),(5,113,'2014-01-19'),(6,97,'2014-01-19'),(8,101,'2014-01-19'),(8,105,'2014-01-19'),(9,104,'2014-01-19'),(9,108,'2014-01-19'),(11,103,'2014-01-19'),(4,23,'2014-01-23'),(4,24,'2014-01-23'),(4,25,'2014-01-23'),(7,26,'2014-01-23'),(7,29,'2014-01-23'),(7,39,'2014-01-23'),(7,65,'2014-01-23'),(7,66,'2014-01-23'),(7,76,'2014-01-23'),(4,26,'2014-01-24'),(7,93,'2014-01-23'),(1,113,'2014-01-25'),(4,27,'2014-01-26'),(4,29,'2014-01-27'),(4,30,'2014-01-27'),(1,109,'2014-01-28'),(1,110,'2014-01-28'),(4,45,'2014-01-28'),(4,93,'2014-01-28'),(5,230,'2014-01-29'),(5,238,'2014-01-30'),(14,76,'2014-01-30'),(14,78,'2014-01-30'),(14,47,'2014-01-31'),(14,48,'2014-01-31'),(1,111,'2014-02-01'),(14,164,'2014-01-31'),(14,53,'2014-02-02'),(14,230,'2014-01-31'),(1,112,'2014-02-02'),(1,114,'2014-02-06'),(15,107,'2014-02-06'),(15,172,'2014-02-06'),(8,156,'2014-02-09'),(10,155,'2014-02-09'),(10,156,'2014-02-09'),(14,40,'2014-02-09'),(14,44,'2014-02-09'),(14,54,'2014-02-09'),(16,170,'2014-02-09'),(14,41,'2014-02-10'),(14,42,'2014-02-10'),(14,43,'2014-02-10'),(14,51,'2014-02-10'),(14,55,'2014-02-10'),(14,59,'2014-02-10'),(14,60,'2014-02-10'),(14,61,'2014-02-10'),(14,64,'2014-02-10'),(1,115,'2014-02-10'),(1,209,'2014-02-10'),(2,119,'2014-02-10'),(2,120,'2014-02-10'),(2,121,'2014-02-11'),(2,122,'2014-02-11'),(4,134,'2014-02-11'),(4,135,'2014-02-11'),(5,110,'2014-02-10'),(5,112,'2014-02-11'),(5,124,'2014-02-10'),(5,125,'2014-02-10'),(6,100,'2014-02-10'),(6,102,'2014-02-10'),(6,104,'2014-02-11'),(6,155,'2014-02-10'),(6,156,'2014-02-10'),(8,103,'2014-02-10'),(8,106,'2014-02-11'),(8,107,'2014-02-11'),(8,108,'2014-02-10'),(8,109,'2014-02-10'),(8,116,'2014-02-11'),(8,132,'2014-02-11'),(8,172,'2014-02-11'),(9,109,'2014-02-10'),(9,110,'2014-02-10'),(10,8,'2014-02-11'),(10,31,'2014-02-11'),(10,41,'2014-02-11'),(10,63,'2014-02-11'),(10,75,'2014-02-11'),(10,94,'2014-02-11'),(10,126,'2014-02-10'),(10,127,'2014-02-10'),(11,107,'2014-02-10'),(11,119,'2014-02-10'),(11,121,'2014-02-10'),(11,122,'2014-02-11'),(11,128,'2014-02-11'),(11,172,'2014-02-10'),(14,57,'2014-02-11'),(14,58,'2014-02-11'),(14,62,'2014-02-11'),(14,63,'2014-02-11'),(14,94,'2014-02-11'),(14,134,'2014-02-11'),(15,109,'2014-02-10'),(15,134,'2014-02-11'),(15,135,'2014-02-11'),(16,173,'2014-02-10'),(16,174,'2014-02-11'),(16,205,'2014-02-09'),(6,32,'2014-02-12'),(2,125,'2014-02-12'),(2,127,'2014-02-12'),(2,128,'2014-02-13'),(2,130,'2014-02-13'),(2,131,'2014-02-13'),(2,134,'2014-02-13'),(2,135,'2014-02-13'),(4,32,'2014-02-13'),(4,97,'2014-02-12'),(4,100,'2014-02-13'),(4,105,'2014-02-13'),(4,106,'2014-02-13'),(4,107,'2014-02-13'),(4,108,'2014-02-13'),(4,116,'2014-02-13'),(4,172,'2014-02-13'),(5,123,'2014-02-13'),(5,132,'2014-02-13'),(6,106,'2014-02-13'),(6,107,'2014-02-13'),(6,109,'2014-02-13'),(6,110,'2014-02-13'),(6,116,'2014-02-13'),(6,172,'2014-02-13'),(8,133,'2014-02-12'),(8,134,'2014-02-12'),(8,135,'2014-02-12'),(9,111,'2014-02-13'),(9,112,'2014-02-13'),(10,106,'2014-02-12'),(10,107,'2014-02-13'),(10,110,'2014-02-13'),(10,116,'2014-02-12'),(10,172,'2014-02-13'),(11,109,'2014-02-12'),(11,110,'2014-02-13'),(14,114,'2014-02-12'),(14,120,'2014-02-12'),(14,122,'2014-02-13'),(14,123,'2014-02-13'),(14,137,'2014-02-13'),(15,111,'2014-02-12'),(15,136,'2014-02-13'),(15,177,'2014-02-13'),(15,180,'2014-02-14'),(0,108,'2014-02-12'),(0,109,'2014-02-12'),(0,110,'2014-02-12'),(0,112,'2014-02-12'),(0,114,'2014-02-12'),(1,117,'2014-02-14'),(4,109,'2014-02-15'),(4,113,'2014-02-14'),(5,111,'2014-02-15'),(5,133,'2014-02-14'),(6,111,'2014-02-14'),(6,112,'2014-02-14'),(6,128,'2014-02-15'),(6,129,'2014-02-15'),(8,94,'2014-02-14'),(9,105,'2014-02-15'),(10,109,'2014-02-14'),(10,112,'2014-02-14'),(11,111,'2014-02-15'),(14,89,'2014-02-15'),(14,90,'2014-02-15'),(14,138,'2014-02-14'),(14,139,'2014-02-14'),(14,140,'2014-02-15'),(0,111,'2014-02-15'),(14,91,'2014-02-16'),(1,118,'2014-02-16'),(2,124,'2014-02-17'),(2,126,'2014-02-16'),(2,181,'2014-02-17'),(2,184,'2014-02-17'),(4,119,'2014-02-16'),(4,120,'2014-02-17'),(4,121,'2014-02-17'),(4,122,'2014-02-17'),(5,32,'2014-02-17'),(5,108,'2014-02-16'),(5,137,'2014-02-17'),(6,130,'2014-02-16'),(6,131,'2014-02-17'),(6,132,'2014-02-17'),(6,133,'2014-02-17'),(8,110,'2014-02-17'),(8,111,'2014-02-17'),(9,106,'2014-02-16'),(9,107,'2014-02-16'),(9,114,'2014-02-17'),(9,116,'2014-02-16'),(9,170,'2014-02-17'),(9,172,'2014-02-16'),(9,205,'2014-02-17'),(10,108,'2014-02-17'),(10,111,'2014-02-16'),(10,113,'2014-02-16'),(10,114,'2014-02-17'),(14,92,'2014-02-17'),(14,136,'2014-02-17'),(14,181,'2014-02-17'),(14,184,'2014-02-17'),(0,117,'2014-02-16'),(0,118,'2014-02-16'),(2,31,'2014-02-19'),(2,112,'2014-02-18'),(2,129,'2014-02-19'),(2,132,'2014-02-18'),(2,133,'2014-02-18'),(4,96,'2014-02-19'),(4,123,'2014-02-18'),(4,128,'2014-02-19'),(4,132,'2014-02-18'),(4,133,'2014-02-18'),(6,119,'2014-02-18'),(6,125,'2014-02-18'),(8,80,'2014-02-19'),(8,112,'2014-02-18'),(8,113,'2014-02-18'),(8,114,'2014-02-18'),(8,125,'2014-02-19'),(9,117,'2014-02-18'),(9,118,'2014-02-18'),(9,121,'2014-02-19'),(10,120,'2014-02-18'),(10,121,'2014-02-19'),(10,122,'2014-02-18'),(11,112,'2014-02-18'),(11,113,'2014-02-18'),(11,114,'2014-02-18'),(11,118,'2014-02-18'),(11,127,'2014-02-19'),(11,129,'2014-02-18'),(11,130,'2014-02-19'),(11,131,'2014-02-19'),(14,149,'2014-02-18'),(14,183,'2014-02-19'),(15,188,'2014-02-18'),(15,189,'2014-02-18'),(5,65,'2014-02-20'),(5,66,'2014-02-20'),(5,68,'2014-02-20'),(14,260,'2014-02-18'),(1,119,'2014-02-20'),(1,120,'2014-02-20'),(1,121,'2014-02-20'),(4,125,'2014-02-21'),(4,129,'2014-02-20'),(4,130,'2014-02-20'),(4,131,'2014-02-20'),(8,119,'2014-02-21'),(8,120,'2014-02-20'),(8,121,'2014-02-21'),(8,127,'2014-02-20'),(8,129,'2014-02-21'),(9,119,'2014-02-20'),(9,120,'2014-02-20'),(9,130,'2014-02-20'),(10,101,'2014-02-20'),(10,103,'2014-02-21'),(10,123,'2014-02-20'),(10,130,'2014-02-20'),(10,131,'2014-02-20'),(10,135,'2014-02-20'),(10,181,'2014-02-21'),(10,184,'2014-02-21'),(11,125,'2014-02-20'),(11,126,'2014-02-20'),(11,155,'2014-02-20'),(11,156,'2014-02-20'),(11,181,'2014-02-20'),(11,184,'2014-02-20'),(14,148,'2014-02-21'),(14,150,'2014-02-21'),(14,179,'2014-02-20'),(15,112,'2014-02-20'),(0,120,'2014-02-20'),(6,120,'2014-02-22'),(6,121,'2014-02-24'),(6,122,'2014-02-23'),(8,118,'2014-02-22'),(8,155,'2014-02-23'),(8,167,'2014-02-22'),(9,122,'2014-02-22'),(9,123,'2014-02-22'),(9,125,'2014-02-22'),(11,191,'2014-02-22'),(14,158,'2014-02-23'),(15,115,'2014-02-23'),(15,209,'2014-02-23'),(4,61,'2014-02-24'),(4,63,'2014-02-24'),(10,15,'2014-02-24'),(10,241,'2014-02-24'),(14,144,'2014-02-25'),(14,180,'2014-02-25'),(1,122,'2014-02-24'),(1,123,'2014-02-25'),(4,94,'2014-02-24'),(4,98,'2014-02-24'),(6,141,'2014-02-25'),(7,100,'2014-02-24'),(7,101,'2014-02-26'),(7,102,'2014-02-26'),(7,103,'2014-02-26'),(7,104,'2014-02-26'),(8,122,'2014-02-24'),(8,123,'2014-02-24'),(8,126,'2014-02-24'),(8,128,'2014-02-24'),(8,130,'2014-02-25'),(8,131,'2014-02-25'),(9,126,'2014-02-24'),(9,127,'2014-02-25'),(9,128,'2014-02-26'),(9,129,'2014-02-26'),(9,131,'2014-02-27'),(11,183,'2014-02-25'),(11,185,'2014-02-26'),(11,188,'2014-02-24'),(11,189,'2014-02-24'),(11,190,'2014-02-24'),(13,96,'2014-02-26'),(14,154,'2014-02-27'),(14,175,'2014-02-24'),(14,176,'2014-02-24'),(16,171,'2014-02-24'),(0,119,'2014-02-24'),(0,121,'2014-02-24'),(1,124,'2014-03-02'),(1,125,'2014-03-02'),(1,126,'2014-03-05'),(1,127,'2014-03-09'),(1,128,'2014-03-14'),(1,129,'2014-03-23'),(1,130,'2014-03-23'),(1,131,'2014-03-25'),(1,132,'2014-03-28'),(1,133,'2014-03-29'),(1,134,'2014-03-31'),(1,135,'2014-03-31'),(1,136,'2014-04-09'),(1,137,'2014-04-09'),(1,138,'2014-04-16'),(2,33,'2014-04-02'),(2,161,'2014-04-22'),(2,163,'2014-04-21'),(4,28,'2014-03-03'),(4,62,'2014-02-28'),(4,64,'2014-02-28'),(4,67,'2014-03-03'),(4,70,'2014-03-03'),(4,71,'2014-03-03'),(4,72,'2014-03-04'),(4,73,'2014-03-03'),(4,86,'2014-03-07'),(5,69,'2014-03-11'),(5,72,'2014-03-09'),(5,106,'2014-04-01'),(5,116,'2014-04-01'),(5,148,'2014-03-11'),(5,149,'2014-03-11'),(5,260,'2014-03-11'),(6,82,'2014-03-13'),(6,83,'2014-03-17'),(6,149,'2014-03-06'),(6,150,'2014-03-07'),(6,260,'2014-03-06'),(7,105,'2014-03-11'),(7,106,'2014-03-13'),(7,107,'2014-03-13'),(7,108,'2014-03-31'),(7,109,'2014-03-31'),(7,110,'2014-03-15'),(7,113,'2014-03-16'),(7,116,'2014-03-13'),(7,172,'2014-03-13'),(8,166,'2014-04-04'),(8,181,'2014-03-26'),(8,184,'2014-03-26'),(9,132,'2014-02-28'),(9,133,'2014-02-28'),(9,136,'2014-04-08'),(9,137,'2014-04-09'),(9,138,'2014-04-10'),(9,148,'2014-03-12'),(9,166,'2014-03-03'),(9,167,'2014-03-04'),(11,193,'2014-02-28'),(13,159,'2014-03-18'),(13,161,'2014-03-19'),(13,162,'2014-03-19'),(13,163,'2014-03-14'),(13,164,'2014-04-08'),(13,179,'2014-04-04'),(13,263,'2014-03-04'),(14,141,'2014-03-04'),(14,142,'2014-04-02'),(14,143,'2014-03-09'),(14,145,'2014-03-06'),(14,152,'2014-03-04'),(14,155,'2014-03-30'),(14,165,'2014-03-24'),(14,204,'2014-03-13'),(15,124,'2014-03-03'),(15,125,'2014-03-03'),(15,126,'2014-03-04'),(15,127,'2014-04-25'),(15,171,'2014-03-15'),(15,173,'2014-03-11'),(15,203,'2014-04-08'),(15,204,'2014-04-02'),(15,208,'2014-03-31'),(15,217,'2014-04-09'),(15,219,'2014-04-09'),(16,179,'2014-02-28'),(16,181,'2014-03-03'),(16,182,'2014-03-29'),(16,183,'2014-03-07'),(16,184,'2014-03-03'),(16,185,'2014-03-31'),(0,155,'2014-03-02'),(0,156,'2014-03-03'),(0,159,'2014-03-18'),(0,163,'2014-03-14'),(0,164,'2014-04-06'),(0,179,'2014-04-04');
/*!40000 ALTER TABLE `solution` ENABLE KEYS */;
UNLOCK TABLES;

--
-- Table structure for table `startdate`
--

DROP TABLE IF EXISTS `startdate`;
/*!40101 SET @saved_cs_client     = @@character_set_client */;
/*!40101 SET character_set_client = utf8 */;
CREATE TABLE `startdate` (
  `id` int(11) NOT NULL AUTO_INCREMENT,
  `start_date` varchar(20) DEFAULT NULL,
  `half` int(11) DEFAULT NULL,
  PRIMARY KEY (`id`)
) ENGINE=MyISAM AUTO_INCREMENT=10 DEFAULT CHARSET=utf8;
/*!40101 SET character_set_client = @saved_cs_client */;

--
-- Dumping data for table `startdate`
--

LOCK TABLES `startdate` WRITE;
/*!40000 ALTER TABLE `startdate` DISABLE KEYS */;
INSERT INTO `startdate` VALUES (1,'2013-09-02',4),(2,'2013-03-04',2),(3,'2012-08-27',4),(4,'2012-03-05',2),(5,'2011-09-05',4),(6,'2011-03-07',2),(7,'2014-03-03',2),(8,'2010-09-06',4),(9,'2014-09-01',4);
/*!40000 ALTER TABLE `startdate` ENABLE KEYS */;
UNLOCK TABLES;

--
-- Table structure for table `user`
--

DROP TABLE IF EXISTS `user`;
/*!40101 SET @saved_cs_client     = @@character_set_client */;
/*!40101 SET character_set_client = utf8 */;
CREATE TABLE `user` (
  `user_id` int(11) NOT NULL AUTO_INCREMENT,
  `user_name` varchar(20) NOT NULL,
  `poj_name` varchar(100) NOT NULL,
  `grade` int(11) NOT NULL,
  `class1` varchar(20) NOT NULL,
  `permission` int(11) NOT NULL DEFAULT '1',
  `passwd` varchar(100) NOT NULL DEFAULT 'ceac66b2d71a9b96ab6b77fe6db6197d2a9d5aa7',
  `blog` varchar(100) DEFAULT NULL,
  `email` varchar(100) DEFAULT NULL,
  `poj_solved` int(11) DEFAULT '0',
  `sex` varchar(20) DEFAULT NULL,
  `poj_rank` int(11) DEFAULT NULL,
  `sdutoj_id` varchar(100) DEFAULT NULL,
  `sdutoj_solved` int(11) DEFAULT '0',
  `hdoj_id` varchar(100) DEFAULT NULL,
  `hdoj_solved` int(11) DEFAULT '0',
  `cf_id` varchar(100) DEFAULT NULL,
  `cf_rating` int(11) DEFAULT '0',
  `tc_id` varchar(100) DEFAULT NULL,
  `tc_rating` int(11) DEFAULT '0',
  PRIMARY KEY (`user_id`),
  UNIQUE KEY `user_name` (`user_name`),
  UNIQUE KEY `user_name_2` (`user_name`)
) ENGINE=MyISAM AUTO_INCREMENT=20 DEFAULT CHARSET=utf8;
/*!40101 SET character_set_client = @saved_cs_client */;

--
-- Dumping data for table `user`
--

LOCK TABLES `user` WRITE;
/*!40000 ALTER TABLE `user` DISABLE KEYS */;
INSERT INTO `user` VALUES (1,'李一宁','lin375691011',2012,'软件1205',1,'ceac66b2d71a9b96ab6b77fe6db6197d2a9d5aa7',NULL,NULL,155,NULL,4801,'12110572071',422,'lin375691011',36,'lin375691011',1368,'lin375691011',875),(2,'潘娅楠','953308147',2012,'计科1201',1,'ceac66b2d71a9b96ab6b77fe6db6197d2a9d5aa7',NULL,NULL,161,NULL,4551,NULL,0,NULL,0,NULL,0,NULL,0),(3,'部文杰','wolfred7464',2012,'计科1204',1,'ceac66b2d71a9b96ab6b77fe6db6197d2a9d5aa7',NULL,NULL,108,NULL,7276,NULL,0,NULL,0,NULL,0,NULL,0),(4,'柴金鑫','448091730',2012,'计科1201',1,'ceac66b2d71a9b96ab6b77fe6db6197d2a9d5aa7',NULL,NULL,118,NULL,6605,'xuechelingxiao',610,NULL,0,NULL,0,NULL,0),(5,'朱鸣啸','354898002',2012,'计科1204',1,'ceac66b2d71a9b96ab6b77fe6db6197d2a9d5aa7',NULL,NULL,169,NULL,4271,NULL,0,NULL,0,NULL,0,NULL,0),(6,'徐建','12110501022',2012,'计科1201',1,'ceac66b2d71a9b96ab6b77fe6db6197d2a9d5aa7',NULL,NULL,136,NULL,5610,NULL,0,NULL,0,NULL,0,NULL,0),(7,'李征南','zhengnanlee',2012,'通信1202',1,'ceac66b2d71a9b96ab6b77fe6db6197d2a9d5aa7',NULL,NULL,132,NULL,5797,NULL,0,NULL,0,NULL,0,NULL,0),(8,'鲁文娜','12120501047',2012,'计科1201',1,'ceac66b2d71a9b96ab6b77fe6db6197d2a9d5aa7',NULL,NULL,170,NULL,4233,NULL,0,NULL,0,NULL,0,NULL,0),(9,'徐福龙','1018596027',2012,'计科1204',1,'ceac66b2d71a9b96ab6b77fe6db6197d2a9d5aa7',NULL,NULL,168,NULL,4286,'12110501127',464,'1018596027',92,'ac_night',1529,'sdut_xfl',566),(10,'刘爱红','12120501046',2012,'计科1201',1,'ceac66b2d71a9b96ab6b77fe6db6197d2a9d5aa7',NULL,NULL,152,NULL,4911,NULL,0,NULL,0,NULL,0,NULL,0),(11,'樊明会','fan1019',2012,'计科1201',1,'ceac66b2d71a9b96ab6b77fe6db6197d2a9d5aa7',NULL,NULL,144,NULL,5260,NULL,0,NULL,0,NULL,0,NULL,0),(12,'崔哲','tiankecz',2011,'计科1101',1,'ceac66b2d71a9b96ab6b77fe6db6197d2a9d5aa7',NULL,NULL,237,NULL,2656,NULL,0,NULL,0,NULL,0,NULL,0),(13,'尚灿芳','shangyu111',2011,'计科1102',1,'ceac66b2d71a9b96ab6b77fe6db6197d2a9d5aa7',NULL,NULL,237,NULL,2654,'shangyu11',490,'shangyu11',215,'shangyu11',1710,'shangyu11',876),(14,'秦川','pony1993',2011,'计科1101',1,'ceac66b2d71a9b96ab6b77fe6db6197d2a9d5aa7',NULL,NULL,266,NULL,2201,NULL,0,NULL,0,NULL,0,NULL,0),(15,'赵鹏','rowanhao',2011,'计科1102',1,'ceac66b2d71a9b96ab6b77fe6db6197d2a9d5aa7',NULL,NULL,199,NULL,3453,'zxw110216',363,'rowanhao1',0,'rowanhao2',1727,'rowanhao2',0),(16,'高永鑫','1111057162',2011,'软件1105',1,'ceac66b2d71a9b96ab6b77fe6db6197d2a9d5aa7',NULL,NULL,154,NULL,4857,NULL,0,NULL,0,NULL,0,NULL,0),(17,'郭宝星','gbaoxing',2010,'计科1001',1,'ceac66b2d71a9b96ab6b77fe6db6197d2a9d5aa7',NULL,NULL,250,NULL,2452,NULL,0,NULL,0,NULL,0,NULL,0),(18,'张金虎','1011051119',2010,'计科1001',1,'ceac66b2d71a9b96ab6b77fe6db6197d2a9d5aa7',NULL,NULL,215,NULL,3068,NULL,0,NULL,0,NULL,0,NULL,0),(0,'root','sdutacm1',2011,'计科1102',2,'dfe4719cce640c69ae95ef0b2773600c65a29170',NULL,NULL,161,NULL,4568,NULL,0,NULL,0,NULL,0,NULL,0),(19,'赵利强','Moon_1st',2009,'计科0906',1,'ceac66b2d71a9b96ab6b77fe6db6197d2a9d5aa7',NULL,NULL,418,NULL,1008,NULL,0,NULL,0,NULL,0,NULL,0);
/*!40000 ALTER TABLE `user` ENABLE KEYS */;
UNLOCK TABLES;
/*!40103 SET TIME_ZONE=@OLD_TIME_ZONE */;

/*!40101 SET SQL_MODE=@OLD_SQL_MODE */;
/*!40014 SET FOREIGN_KEY_CHECKS=@OLD_FOREIGN_KEY_CHECKS */;
/*!40014 SET UNIQUE_CHECKS=@OLD_UNIQUE_CHECKS */;
/*!40101 SET CHARACTER_SET_CLIENT=@OLD_CHARACTER_SET_CLIENT */;
/*!40101 SET CHARACTER_SET_RESULTS=@OLD_CHARACTER_SET_RESULTS */;
/*!40101 SET COLLATION_CONNECTION=@OLD_COLLATION_CONNECTION */;
/*!40111 SET SQL_NOTES=@OLD_SQL_NOTES */;

-- Dump completed on 2014-04-27 17:41:57
