-- MySQL dump 10.13  Distrib 5.5.34, for debian-linux-gnu (i686)
--
-- Host: localhost    Database: stepbystep
-- ------------------------------------------------------
-- Server version	5.5.34-0ubuntu0.12.04.1

/*!40101 SET @OLD_CHARACTER_SET_CLIENT=@@CHARACTER_SET_CLIENT */;
/*!40101 SET @OLD_CHARACTER_SET_RESULTS=@@CHARACTER_SET_RESULTS */;
/*!40101 SET @OLD_COLLATION_CONNECTION=@@COLLATION_CONNECTION */;
/*!40101 SET NAMES utf8 */;
/*!40103 SET @OLD_TIME_ZONE=@@TIME_ZONE */;
/*!40103 SET TIME_ZONE='+00:00' */;
/*!40014 SET @OLD_UNIQUE_CHECKS=@@UNIQUE_CHECKS, UNIQUE_CHECKS=0 */;
/*!40014 SET @OLD_FOREIGN_KEY_CHECKS=@@FOREIGN_KEY_CHECKS, FOREIGN_KEY_CHECKS=0 */;
/*!40101 SET @OLD_SQL_MODE=@@SQL_MODE, SQL_MODE='NO_AUTO_VALUE_ON_ZERO' */;
/*!40111 SET @OLD_SQL_NOTES=@@SQL_NOTES, SQL_NOTES=0 */;

--
-- Table structure for table `category`
--

DROP TABLE IF EXISTS `category`;
/*!40101 SET @saved_cs_client     = @@character_set_client */;
/*!40101 SET character_set_client = utf8 */;
CREATE TABLE `category` (
  `cid` int(11) NOT NULL AUTO_INCREMENT,
  `rank` varchar(20) DEFAULT NULL,
  `cname` varchar(100) DEFAULT NULL,
  PRIMARY KEY (`cid`)
) ENGINE=MyISAM AUTO_INCREMENT=23 DEFAULT CHARSET=utf8;
/*!40101 SET character_set_client = @saved_cs_client */;

--
-- Dumping data for table `category`
--

LOCK TABLES `category` WRITE;
/*!40000 ALTER TABLE `category` DISABLE KEYS */;
INSERT INTO `category` (`cid`, `rank`, `cname`) VALUES (1,'初级','基本算法');
INSERT INTO `category` (`cid`, `rank`, `cname`) VALUES (2,'初级','图算法');
INSERT INTO `category` (`cid`, `rank`, `cname`) VALUES (3,'初级','数据结构');
INSERT INTO `category` (`cid`, `rank`, `cname`) VALUES (4,'初级','简单搜索');
INSERT INTO `category` (`cid`, `rank`, `cname`) VALUES (5,'初级','动态规划');
INSERT INTO `category` (`cid`, `rank`, `cname`) VALUES (6,'初级','数学');
INSERT INTO `category` (`cid`, `rank`, `cname`) VALUES (7,'初级','计算几何学');
INSERT INTO `category` (`cid`, `rank`, `cname`) VALUES (8,'中级','基本算法');
INSERT INTO `category` (`cid`, `rank`, `cname`) VALUES (9,'中级','图算法');
INSERT INTO `category` (`cid`, `rank`, `cname`) VALUES (10,'中级','数据结构');
INSERT INTO `category` (`cid`, `rank`, `cname`) VALUES (11,'中级','搜索');
INSERT INTO `category` (`cid`, `rank`, `cname`) VALUES (12,'中级','动态规划');
INSERT INTO `category` (`cid`, `rank`, `cname`) VALUES (13,'中级','数学');
INSERT INTO `category` (`cid`, `rank`, `cname`) VALUES (14,'中级','计算几何学');
INSERT INTO `category` (`cid`, `rank`, `cname`) VALUES (15,'高级','基本算法');
INSERT INTO `category` (`cid`, `rank`, `cname`) VALUES (16,'高级','图算法');
INSERT INTO `category` (`cid`, `rank`, `cname`) VALUES (17,'高级','数据结构');
INSERT INTO `category` (`cid`, `rank`, `cname`) VALUES (18,'高级','搜索');
INSERT INTO `category` (`cid`, `rank`, `cname`) VALUES (19,'高级','动态规划');
INSERT INTO `category` (`cid`, `rank`, `cname`) VALUES (20,'高级','数学');
INSERT INTO `category` (`cid`, `rank`, `cname`) VALUES (21,'高级','计算几何学');
INSERT INTO `category` (`cid`, `rank`, `cname`) VALUES (22,'高级','综合题');
/*!40000 ALTER TABLE `category` ENABLE KEYS */;
UNLOCK TABLES;

--
-- Table structure for table `problem`
--

DROP TABLE IF EXISTS `problem`;
/*!40101 SET @saved_cs_client     = @@character_set_client */;
/*!40101 SET character_set_client = utf8 */;
CREATE TABLE `problem` (
  `pid` int(11) NOT NULL AUTO_INCREMENT,
  `poj_pid` int(11) NOT NULL,
  `deadline` varchar(20) DEFAULT NULL,
  `cid` int(11) DEFAULT NULL,
  PRIMARY KEY (`pid`),
  KEY `cid` (`cid`)
) ENGINE=MyISAM AUTO_INCREMENT=279 DEFAULT CHARSET=utf8;
/*!40101 SET character_set_client = @saved_cs_client */;

--
-- Dumping data for table `problem`
--

LOCK TABLES `problem` WRITE;
/*!40000 ALTER TABLE `problem` DISABLE KEYS */;
INSERT INTO `problem` (`pid`, `poj_pid`, `deadline`, `cid`) VALUES (1,1753,'2013-12-01',1);
INSERT INTO `problem` (`pid`, `poj_pid`, `deadline`, `cid`) VALUES (2,2965,'2013-12-01',1);
INSERT INTO `problem` (`pid`, `poj_pid`, `deadline`, `cid`) VALUES (3,1328,'2013-12-01',1);
INSERT INTO `problem` (`pid`, `poj_pid`, `deadline`, `cid`) VALUES (4,2109,'2013-12-01',1);
INSERT INTO `problem` (`pid`, `poj_pid`, `deadline`, `cid`) VALUES (5,2586,'2013-12-01',1);
INSERT INTO `problem` (`pid`, `poj_pid`, `deadline`, `cid`) VALUES (6,2524,'2013-12-01',1);
INSERT INTO `problem` (`pid`, `poj_pid`, `deadline`, `cid`) VALUES (7,2506,'2013-12-01',1);
INSERT INTO `problem` (`pid`, `poj_pid`, `deadline`, `cid`) VALUES (8,3295,'2013-12-01',1);
INSERT INTO `problem` (`pid`, `poj_pid`, `deadline`, `cid`) VALUES (9,1068,'2013-12-01',1);
INSERT INTO `problem` (`pid`, `poj_pid`, `deadline`, `cid`) VALUES (10,2632,'2013-12-01',1);
INSERT INTO `problem` (`pid`, `poj_pid`, `deadline`, `cid`) VALUES (11,1573,'2013-12-01',1);
INSERT INTO `problem` (`pid`, `poj_pid`, `deadline`, `cid`) VALUES (12,2993,'2013-12-01',1);
INSERT INTO `problem` (`pid`, `poj_pid`, `deadline`, `cid`) VALUES (13,2996,'2013-12-01',1);
INSERT INTO `problem` (`pid`, `poj_pid`, `deadline`, `cid`) VALUES (14,3278,'2013-12-01',2);
INSERT INTO `problem` (`pid`, `poj_pid`, `deadline`, `cid`) VALUES (15,2049,'2013-12-01',2);
INSERT INTO `problem` (`pid`, `poj_pid`, `deadline`, `cid`) VALUES (16,3083,'2013-12-01',2);
INSERT INTO `problem` (`pid`, `poj_pid`, `deadline`, `cid`) VALUES (17,1860,'2013-12-01',2);
INSERT INTO `problem` (`pid`, `poj_pid`, `deadline`, `cid`) VALUES (18,3259,'2013-12-01',2);
INSERT INTO `problem` (`pid`, `poj_pid`, `deadline`, `cid`) VALUES (19,1062,'2013-12-01',2);
INSERT INTO `problem` (`pid`, `poj_pid`, `deadline`, `cid`) VALUES (20,2253,'2013-12-01',2);
INSERT INTO `problem` (`pid`, `poj_pid`, `deadline`, `cid`) VALUES (21,1125,'2013-12-01',2);
INSERT INTO `problem` (`pid`, `poj_pid`, `deadline`, `cid`) VALUES (22,2240,'2013-12-01',2);
INSERT INTO `problem` (`pid`, `poj_pid`, `deadline`, `cid`) VALUES (23,1789,'2013-12-01',2);
INSERT INTO `problem` (`pid`, `poj_pid`, `deadline`, `cid`) VALUES (24,2485,'2013-12-01',2);
INSERT INTO `problem` (`pid`, `poj_pid`, `deadline`, `cid`) VALUES (25,1258,'2013-12-01',2);
INSERT INTO `problem` (`pid`, `poj_pid`, `deadline`, `cid`) VALUES (26,3026,'2013-12-01',2);
INSERT INTO `problem` (`pid`, `poj_pid`, `deadline`, `cid`) VALUES (27,1094,'2013-12-01',2);
INSERT INTO `problem` (`pid`, `poj_pid`, `deadline`, `cid`) VALUES (28,3267,'2013-12-01',2);
INSERT INTO `problem` (`pid`, `poj_pid`, `deadline`, `cid`) VALUES (29,3687,'2013-12-01',2);
INSERT INTO `problem` (`pid`, `poj_pid`, `deadline`, `cid`) VALUES (30,3041,'2013-12-01',2);
INSERT INTO `problem` (`pid`, `poj_pid`, `deadline`, `cid`) VALUES (31,3020,'2013-12-01',2);
INSERT INTO `problem` (`pid`, `poj_pid`, `deadline`, `cid`) VALUES (32,1459,'2013-12-01',2);
INSERT INTO `problem` (`pid`, `poj_pid`, `deadline`, `cid`) VALUES (33,3436,'2013-12-01',2);
INSERT INTO `problem` (`pid`, `poj_pid`, `deadline`, `cid`) VALUES (34,1035,'2013-12-01',3);
INSERT INTO `problem` (`pid`, `poj_pid`, `deadline`, `cid`) VALUES (35,3080,'2013-12-01',3);
INSERT INTO `problem` (`pid`, `poj_pid`, `deadline`, `cid`) VALUES (36,1936,'2013-12-01',3);
INSERT INTO `problem` (`pid`, `poj_pid`, `deadline`, `cid`) VALUES (37,2388,'2013-12-01',3);
INSERT INTO `problem` (`pid`, `poj_pid`, `deadline`, `cid`) VALUES (38,2299,'2013-12-01',3);
INSERT INTO `problem` (`pid`, `poj_pid`, `deadline`, `cid`) VALUES (39,1611,'2013-12-01',3);
INSERT INTO `problem` (`pid`, `poj_pid`, `deadline`, `cid`) VALUES (40,3349,'2013-12-01',3);
INSERT INTO `problem` (`pid`, `poj_pid`, `deadline`, `cid`) VALUES (41,3274,'2013-12-01',3);
INSERT INTO `problem` (`pid`, `poj_pid`, `deadline`, `cid`) VALUES (42,2151,'2013-12-01',3);
INSERT INTO `problem` (`pid`, `poj_pid`, `deadline`, `cid`) VALUES (43,1840,'2013-12-01',3);
INSERT INTO `problem` (`pid`, `poj_pid`, `deadline`, `cid`) VALUES (44,2002,'2013-12-01',3);
INSERT INTO `problem` (`pid`, `poj_pid`, `deadline`, `cid`) VALUES (45,2503,'2013-12-01',3);
INSERT INTO `problem` (`pid`, `poj_pid`, `deadline`, `cid`) VALUES (46,3253,'2013-12-01',3);
INSERT INTO `problem` (`pid`, `poj_pid`, `deadline`, `cid`) VALUES (47,2442,'2013-12-01',3);
INSERT INTO `problem` (`pid`, `poj_pid`, `deadline`, `cid`) VALUES (48,1442,'2013-12-01',3);
INSERT INTO `problem` (`pid`, `poj_pid`, `deadline`, `cid`) VALUES (49,2513,'2013-12-01',3);
INSERT INTO `problem` (`pid`, `poj_pid`, `deadline`, `cid`) VALUES (50,2418,'2013-12-01',3);
INSERT INTO `problem` (`pid`, `poj_pid`, `deadline`, `cid`) VALUES (51,2488,'2013-12-01',4);
INSERT INTO `problem` (`pid`, `poj_pid`, `deadline`, `cid`) VALUES (52,3083,'2013-12-01',4);
INSERT INTO `problem` (`pid`, `poj_pid`, `deadline`, `cid`) VALUES (53,3009,'2013-12-01',4);
INSERT INTO `problem` (`pid`, `poj_pid`, `deadline`, `cid`) VALUES (54,1321,'2013-12-01',4);
INSERT INTO `problem` (`pid`, `poj_pid`, `deadline`, `cid`) VALUES (55,2251,'2013-12-01',4);
INSERT INTO `problem` (`pid`, `poj_pid`, `deadline`, `cid`) VALUES (56,3278,'2013-12-01',4);
INSERT INTO `problem` (`pid`, `poj_pid`, `deadline`, `cid`) VALUES (57,1426,'2013-12-01',4);
INSERT INTO `problem` (`pid`, `poj_pid`, `deadline`, `cid`) VALUES (58,3126,'2013-12-01',4);
INSERT INTO `problem` (`pid`, `poj_pid`, `deadline`, `cid`) VALUES (59,3087,'2013-12-01',4);
INSERT INTO `problem` (`pid`, `poj_pid`, `deadline`, `cid`) VALUES (60,3414,'2013-12-01',4);
INSERT INTO `problem` (`pid`, `poj_pid`, `deadline`, `cid`) VALUES (61,2531,'2013-12-01',4);
INSERT INTO `problem` (`pid`, `poj_pid`, `deadline`, `cid`) VALUES (62,1416,'2013-12-01',4);
INSERT INTO `problem` (`pid`, `poj_pid`, `deadline`, `cid`) VALUES (63,2676,'2013-12-01',4);
INSERT INTO `problem` (`pid`, `poj_pid`, `deadline`, `cid`) VALUES (64,1129,'2013-12-01',4);
INSERT INTO `problem` (`pid`, `poj_pid`, `deadline`, `cid`) VALUES (65,1837,'2013-12-01',5);
INSERT INTO `problem` (`pid`, `poj_pid`, `deadline`, `cid`) VALUES (66,1276,'2013-12-01',5);
INSERT INTO `problem` (`pid`, `poj_pid`, `deadline`, `cid`) VALUES (67,3267,'2013-12-01',5);
INSERT INTO `problem` (`pid`, `poj_pid`, `deadline`, `cid`) VALUES (68,1836,'2013-12-01',5);
INSERT INTO `problem` (`pid`, `poj_pid`, `deadline`, `cid`) VALUES (69,1260,'2013-12-01',5);
INSERT INTO `problem` (`pid`, `poj_pid`, `deadline`, `cid`) VALUES (70,2533,'2013-12-01',5);
INSERT INTO `problem` (`pid`, `poj_pid`, `deadline`, `cid`) VALUES (71,3176,'2013-12-01',5);
INSERT INTO `problem` (`pid`, `poj_pid`, `deadline`, `cid`) VALUES (72,1080,'2013-12-01',5);
INSERT INTO `problem` (`pid`, `poj_pid`, `deadline`, `cid`) VALUES (73,1159,'2013-12-01',5);
INSERT INTO `problem` (`pid`, `poj_pid`, `deadline`, `cid`) VALUES (74,3252,'2013-12-01',6);
INSERT INTO `problem` (`pid`, `poj_pid`, `deadline`, `cid`) VALUES (75,1850,'2013-12-01',6);
INSERT INTO `problem` (`pid`, `poj_pid`, `deadline`, `cid`) VALUES (76,1019,'2013-12-01',6);
INSERT INTO `problem` (`pid`, `poj_pid`, `deadline`, `cid`) VALUES (77,1942,'2013-12-01',6);
INSERT INTO `problem` (`pid`, `poj_pid`, `deadline`, `cid`) VALUES (78,2635,'2013-12-01',6);
INSERT INTO `problem` (`pid`, `poj_pid`, `deadline`, `cid`) VALUES (79,3292,'2013-12-01',6);
INSERT INTO `problem` (`pid`, `poj_pid`, `deadline`, `cid`) VALUES (80,1845,'2013-12-01',6);
INSERT INTO `problem` (`pid`, `poj_pid`, `deadline`, `cid`) VALUES (81,2115,'2013-12-01',6);
INSERT INTO `problem` (`pid`, `poj_pid`, `deadline`, `cid`) VALUES (82,3273,'2013-12-01',6);
INSERT INTO `problem` (`pid`, `poj_pid`, `deadline`, `cid`) VALUES (83,3258,'2013-12-01',6);
INSERT INTO `problem` (`pid`, `poj_pid`, `deadline`, `cid`) VALUES (84,1905,'2013-12-01',6);
INSERT INTO `problem` (`pid`, `poj_pid`, `deadline`, `cid`) VALUES (85,3122,'2013-12-01',6);
INSERT INTO `problem` (`pid`, `poj_pid`, `deadline`, `cid`) VALUES (86,1265,'2013-12-01',7);
INSERT INTO `problem` (`pid`, `poj_pid`, `deadline`, `cid`) VALUES (87,2031,'2013-12-01',7);
INSERT INTO `problem` (`pid`, `poj_pid`, `deadline`, `cid`) VALUES (88,1039,'2013-12-01',7);
INSERT INTO `problem` (`pid`, `poj_pid`, `deadline`, `cid`) VALUES (89,1408,'2013-12-01',7);
INSERT INTO `problem` (`pid`, `poj_pid`, `deadline`, `cid`) VALUES (90,1584,'2013-12-01',7);
INSERT INTO `problem` (`pid`, `poj_pid`, `deadline`, `cid`) VALUES (91,2187,'2013-12-01',7);
INSERT INTO `problem` (`pid`, `poj_pid`, `deadline`, `cid`) VALUES (92,1113,'2013-12-01',7);
INSERT INTO `problem` (`pid`, `poj_pid`, `deadline`, `cid`) VALUES (93,3096,'2013-12-01',8);
INSERT INTO `problem` (`pid`, `poj_pid`, `deadline`, `cid`) VALUES (94,3007,'2013-12-01',8);
INSERT INTO `problem` (`pid`, `poj_pid`, `deadline`, `cid`) VALUES (95,3393,'2013-12-01',8);
INSERT INTO `problem` (`pid`, `poj_pid`, `deadline`, `cid`) VALUES (96,1472,'2013-12-01',8);
INSERT INTO `problem` (`pid`, `poj_pid`, `deadline`, `cid`) VALUES (97,3371,'2013-12-01',8);
INSERT INTO `problem` (`pid`, `poj_pid`, `deadline`, `cid`) VALUES (98,1027,'2013-12-01',8);
INSERT INTO `problem` (`pid`, `poj_pid`, `deadline`, `cid`) VALUES (99,2706,'2013-12-01',8);
INSERT INTO `problem` (`pid`, `poj_pid`, `deadline`, `cid`) VALUES (100,1201,'2013-12-01',9);
INSERT INTO `problem` (`pid`, `poj_pid`, `deadline`, `cid`) VALUES (101,2983,'2013-12-01',9);
INSERT INTO `problem` (`pid`, `poj_pid`, `deadline`, `cid`) VALUES (102,3159,'2013-12-01',9);
INSERT INTO `problem` (`pid`, `poj_pid`, `deadline`, `cid`) VALUES (103,1275,'2013-12-01',9);
INSERT INTO `problem` (`pid`, `poj_pid`, `deadline`, `cid`) VALUES (104,1364,'2013-12-01',9);
INSERT INTO `problem` (`pid`, `poj_pid`, `deadline`, `cid`) VALUES (105,2516,'2013-12-01',9);
INSERT INTO `problem` (`pid`, `poj_pid`, `deadline`, `cid`) VALUES (106,2195,'2013-12-01',9);
INSERT INTO `problem` (`pid`, `poj_pid`, `deadline`, `cid`) VALUES (107,3422,'2013-12-01',9);
INSERT INTO `problem` (`pid`, `poj_pid`, `deadline`, `cid`) VALUES (108,2942,'2013-12-01',9);
INSERT INTO `problem` (`pid`, `poj_pid`, `deadline`, `cid`) VALUES (109,3694,'2013-12-01',9);
INSERT INTO `problem` (`pid`, `poj_pid`, `deadline`, `cid`) VALUES (110,2186,'2013-12-01',9);
INSERT INTO `problem` (`pid`, `poj_pid`, `deadline`, `cid`) VALUES (111,3592,'2013-12-01',9);
INSERT INTO `problem` (`pid`, `poj_pid`, `deadline`, `cid`) VALUES (112,3114,'2013-12-01',9);
INSERT INTO `problem` (`pid`, `poj_pid`, `deadline`, `cid`) VALUES (113,3352,'2013-12-01',9);
INSERT INTO `problem` (`pid`, `poj_pid`, `deadline`, `cid`) VALUES (114,3308,'2013-12-01',9);
INSERT INTO `problem` (`pid`, `poj_pid`, `deadline`, `cid`) VALUES (115,3155,'2013-12-01',9);
INSERT INTO `problem` (`pid`, `poj_pid`, `deadline`, `cid`) VALUES (116,2195,'2013-12-01',9);
INSERT INTO `problem` (`pid`, `poj_pid`, `deadline`, `cid`) VALUES (117,2400,'2013-12-01',9);
INSERT INTO `problem` (`pid`, `poj_pid`, `deadline`, `cid`) VALUES (118,3686,'2013-12-01',9);
INSERT INTO `problem` (`pid`, `poj_pid`, `deadline`, `cid`) VALUES (119,2528,'2013-12-01',10);
INSERT INTO `problem` (`pid`, `poj_pid`, `deadline`, `cid`) VALUES (120,2828,'2013-12-01',10);
INSERT INTO `problem` (`pid`, `poj_pid`, `deadline`, `cid`) VALUES (121,2777,'2013-12-01',10);
INSERT INTO `problem` (`pid`, `poj_pid`, `deadline`, `cid`) VALUES (122,2886,'2013-12-01',10);
INSERT INTO `problem` (`pid`, `poj_pid`, `deadline`, `cid`) VALUES (123,2750,'2013-12-01',10);
INSERT INTO `problem` (`pid`, `poj_pid`, `deadline`, `cid`) VALUES (124,2482,'2013-12-01',10);
INSERT INTO `problem` (`pid`, `poj_pid`, `deadline`, `cid`) VALUES (125,2352,'2013-12-01',10);
INSERT INTO `problem` (`pid`, `poj_pid`, `deadline`, `cid`) VALUES (126,2892,'2013-12-01',10);
INSERT INTO `problem` (`pid`, `poj_pid`, `deadline`, `cid`) VALUES (127,3468,'2013-12-01',10);
INSERT INTO `problem` (`pid`, `poj_pid`, `deadline`, `cid`) VALUES (128,1195,'2013-12-01',10);
INSERT INTO `problem` (`pid`, `poj_pid`, `deadline`, `cid`) VALUES (129,3321,'2013-12-01',10);
INSERT INTO `problem` (`pid`, `poj_pid`, `deadline`, `cid`) VALUES (130,3264,'2013-12-01',10);
INSERT INTO `problem` (`pid`, `poj_pid`, `deadline`, `cid`) VALUES (131,3368,'2013-12-01',10);
INSERT INTO `problem` (`pid`, `poj_pid`, `deadline`, `cid`) VALUES (132,1703,'2013-12-01',10);
INSERT INTO `problem` (`pid`, `poj_pid`, `deadline`, `cid`) VALUES (133,2492,'2013-12-01',10);
INSERT INTO `problem` (`pid`, `poj_pid`, `deadline`, `cid`) VALUES (134,1961,'2013-12-01',10);
INSERT INTO `problem` (`pid`, `poj_pid`, `deadline`, `cid`) VALUES (135,2406,'2013-12-01',10);
INSERT INTO `problem` (`pid`, `poj_pid`, `deadline`, `cid`) VALUES (136,1699,'2013-12-01',11);
INSERT INTO `problem` (`pid`, `poj_pid`, `deadline`, `cid`) VALUES (137,3411,'2013-12-01',11);
INSERT INTO `problem` (`pid`, `poj_pid`, `deadline`, `cid`) VALUES (138,1724,'2013-12-01',11);
INSERT INTO `problem` (`pid`, `poj_pid`, `deadline`, `cid`) VALUES (139,3373,'2013-12-01',11);
INSERT INTO `problem` (`pid`, `poj_pid`, `deadline`, `cid`) VALUES (140,1691,'2013-12-01',11);
INSERT INTO `problem` (`pid`, `poj_pid`, `deadline`, `cid`) VALUES (141,1191,'2013-12-01',12);
INSERT INTO `problem` (`pid`, `poj_pid`, `deadline`, `cid`) VALUES (142,1054,'2013-12-01',12);
INSERT INTO `problem` (`pid`, `poj_pid`, `deadline`, `cid`) VALUES (143,3280,'2013-12-01',12);
INSERT INTO `problem` (`pid`, `poj_pid`, `deadline`, `cid`) VALUES (144,2029,'2013-12-01',12);
INSERT INTO `problem` (`pid`, `poj_pid`, `deadline`, `cid`) VALUES (145,2948,'2013-12-01',12);
INSERT INTO `problem` (`pid`, `poj_pid`, `deadline`, `cid`) VALUES (146,1925,'2013-12-01',12);
INSERT INTO `problem` (`pid`, `poj_pid`, `deadline`, `cid`) VALUES (147,3034,'2013-12-01',12);
INSERT INTO `problem` (`pid`, `poj_pid`, `deadline`, `cid`) VALUES (148,3254,'2013-12-01',12);
INSERT INTO `problem` (`pid`, `poj_pid`, `deadline`, `cid`) VALUES (149,2411,'2013-12-01',12);
INSERT INTO `problem` (`pid`, `poj_pid`, `deadline`, `cid`) VALUES (150,1185,'2013-12-01',12);
INSERT INTO `problem` (`pid`, `poj_pid`, `deadline`, `cid`) VALUES (151,2057,'2013-12-01',12);
INSERT INTO `problem` (`pid`, `poj_pid`, `deadline`, `cid`) VALUES (152,1947,'2013-12-01',12);
INSERT INTO `problem` (`pid`, `poj_pid`, `deadline`, `cid`) VALUES (153,2486,'2013-12-01',12);
INSERT INTO `problem` (`pid`, `poj_pid`, `deadline`, `cid`) VALUES (154,3140,'2013-12-01',12);
INSERT INTO `problem` (`pid`, `poj_pid`, `deadline`, `cid`) VALUES (155,1286,'2013-12-01',13);
INSERT INTO `problem` (`pid`, `poj_pid`, `deadline`, `cid`) VALUES (156,2409,'2013-12-01',13);
INSERT INTO `problem` (`pid`, `poj_pid`, `deadline`, `cid`) VALUES (157,3270,'2013-12-01',13);
INSERT INTO `problem` (`pid`, `poj_pid`, `deadline`, `cid`) VALUES (158,1026,'2013-12-01',13);
INSERT INTO `problem` (`pid`, `poj_pid`, `deadline`, `cid`) VALUES (159,2947,'2013-12-01',13);
INSERT INTO `problem` (`pid`, `poj_pid`, `deadline`, `cid`) VALUES (160,1487,'2013-12-01',13);
INSERT INTO `problem` (`pid`, `poj_pid`, `deadline`, `cid`) VALUES (161,2065,'2013-12-01',13);
INSERT INTO `problem` (`pid`, `poj_pid`, `deadline`, `cid`) VALUES (162,1166,'2013-12-01',13);
INSERT INTO `problem` (`pid`, `poj_pid`, `deadline`, `cid`) VALUES (163,1222,'2013-12-01',13);
INSERT INTO `problem` (`pid`, `poj_pid`, `deadline`, `cid`) VALUES (164,3071,'2013-12-01',13);
INSERT INTO `problem` (`pid`, `poj_pid`, `deadline`, `cid`) VALUES (165,3440,'2013-12-01',13);
INSERT INTO `problem` (`pid`, `poj_pid`, `deadline`, `cid`) VALUES (166,1061,'2013-12-01',13);
INSERT INTO `problem` (`pid`, `poj_pid`, `deadline`, `cid`) VALUES (167,2891,'2013-12-01',13);
INSERT INTO `problem` (`pid`, `poj_pid`, `deadline`, `cid`) VALUES (168,3101,'2013-12-01',13);
INSERT INTO `problem` (`pid`, `poj_pid`, `deadline`, `cid`) VALUES (169,2115,'2013-12-01',13);
INSERT INTO `problem` (`pid`, `poj_pid`, `deadline`, `cid`) VALUES (170,2976,'2013-12-01',13);
INSERT INTO `problem` (`pid`, `poj_pid`, `deadline`, `cid`) VALUES (171,3150,'2013-12-01',13);
INSERT INTO `problem` (`pid`, `poj_pid`, `deadline`, `cid`) VALUES (172,3422,'2013-12-01',13);
INSERT INTO `problem` (`pid`, `poj_pid`, `deadline`, `cid`) VALUES (173,3070,'2013-12-01',13);
INSERT INTO `problem` (`pid`, `poj_pid`, `deadline`, `cid`) VALUES (174,3301,'2013-12-01',13);
INSERT INTO `problem` (`pid`, `poj_pid`, `deadline`, `cid`) VALUES (175,3318,'2013-12-01',13);
INSERT INTO `problem` (`pid`, `poj_pid`, `deadline`, `cid`) VALUES (176,2454,'2013-12-01',13);
INSERT INTO `problem` (`pid`, `poj_pid`, `deadline`, `cid`) VALUES (177,1870,'2013-12-01',13);
INSERT INTO `problem` (`pid`, `poj_pid`, `deadline`, `cid`) VALUES (178,3296,'2013-12-01',13);
INSERT INTO `problem` (`pid`, `poj_pid`, `deadline`, `cid`) VALUES (179,3286,'2013-12-01',13);
INSERT INTO `problem` (`pid`, `poj_pid`, `deadline`, `cid`) VALUES (180,1095,'2013-12-01',13);
INSERT INTO `problem` (`pid`, `poj_pid`, `deadline`, `cid`) VALUES (181,1151,'2013-12-01',14);
INSERT INTO `problem` (`pid`, `poj_pid`, `deadline`, `cid`) VALUES (182,1765,'2013-12-01',14);
INSERT INTO `problem` (`pid`, `poj_pid`, `deadline`, `cid`) VALUES (183,1177,'2013-12-01',14);
INSERT INTO `problem` (`pid`, `poj_pid`, `deadline`, `cid`) VALUES (184,1151,'2013-12-01',14);
INSERT INTO `problem` (`pid`, `poj_pid`, `deadline`, `cid`) VALUES (185,3277,'2013-12-01',14);
INSERT INTO `problem` (`pid`, `poj_pid`, `deadline`, `cid`) VALUES (186,2280,'2013-12-01',14);
INSERT INTO `problem` (`pid`, `poj_pid`, `deadline`, `cid`) VALUES (187,3004,'2013-12-01',14);
INSERT INTO `problem` (`pid`, `poj_pid`, `deadline`, `cid`) VALUES (188,3130,'2013-12-01',14);
INSERT INTO `problem` (`pid`, `poj_pid`, `deadline`, `cid`) VALUES (189,3335,'2013-12-01',14);
INSERT INTO `problem` (`pid`, `poj_pid`, `deadline`, `cid`) VALUES (190,1819,'2013-12-01',14);
INSERT INTO `problem` (`pid`, `poj_pid`, `deadline`, `cid`) VALUES (191,1066,'2013-12-01',14);
INSERT INTO `problem` (`pid`, `poj_pid`, `deadline`, `cid`) VALUES (192,2043,'2013-12-01',14);
INSERT INTO `problem` (`pid`, `poj_pid`, `deadline`, `cid`) VALUES (193,3227,'2013-12-01',14);
INSERT INTO `problem` (`pid`, `poj_pid`, `deadline`, `cid`) VALUES (194,2165,'2013-12-01',14);
INSERT INTO `problem` (`pid`, `poj_pid`, `deadline`, `cid`) VALUES (195,3429,'2013-12-01',14);
INSERT INTO `problem` (`pid`, `poj_pid`, `deadline`, `cid`) VALUES (196,2525,'2013-12-01',15);
INSERT INTO `problem` (`pid`, `poj_pid`, `deadline`, `cid`) VALUES (197,1684,'2013-12-01',15);
INSERT INTO `problem` (`pid`, `poj_pid`, `deadline`, `cid`) VALUES (198,1421,'2013-12-01',15);
INSERT INTO `problem` (`pid`, `poj_pid`, `deadline`, `cid`) VALUES (199,1048,'2013-12-01',15);
INSERT INTO `problem` (`pid`, `poj_pid`, `deadline`, `cid`) VALUES (200,2050,'2013-12-01',15);
INSERT INTO `problem` (`pid`, `poj_pid`, `deadline`, `cid`) VALUES (201,3306,'2013-12-01',15);
INSERT INTO `problem` (`pid`, `poj_pid`, `deadline`, `cid`) VALUES (202,3434,'2013-12-01',15);
INSERT INTO `problem` (`pid`, `poj_pid`, `deadline`, `cid`) VALUES (203,1639,'2013-12-01',16);
INSERT INTO `problem` (`pid`, `poj_pid`, `deadline`, `cid`) VALUES (204,3621,'2013-12-01',16);
INSERT INTO `problem` (`pid`, `poj_pid`, `deadline`, `cid`) VALUES (205,2976,'2013-12-01',16);
INSERT INTO `problem` (`pid`, `poj_pid`, `deadline`, `cid`) VALUES (206,3255,'2013-12-01',16);
INSERT INTO `problem` (`pid`, `poj_pid`, `deadline`, `cid`) VALUES (207,2513,'2013-12-01',16);
INSERT INTO `problem` (`pid`, `poj_pid`, `deadline`, `cid`) VALUES (208,2449,'2013-12-01',16);
INSERT INTO `problem` (`pid`, `poj_pid`, `deadline`, `cid`) VALUES (209,3155,'2013-12-01',16);
INSERT INTO `problem` (`pid`, `poj_pid`, `deadline`, `cid`) VALUES (210,2112,'2013-12-01',16);
INSERT INTO `problem` (`pid`, `poj_pid`, `deadline`, `cid`) VALUES (211,1966,'2013-12-01',16);
INSERT INTO `problem` (`pid`, `poj_pid`, `deadline`, `cid`) VALUES (212,3281,'2013-12-01',16);
INSERT INTO `problem` (`pid`, `poj_pid`, `deadline`, `cid`) VALUES (213,1087,'2013-12-01',16);
INSERT INTO `problem` (`pid`, `poj_pid`, `deadline`, `cid`) VALUES (214,2289,'2013-12-01',16);
INSERT INTO `problem` (`pid`, `poj_pid`, `deadline`, `cid`) VALUES (215,3216,'2013-12-01',16);
INSERT INTO `problem` (`pid`, `poj_pid`, `deadline`, `cid`) VALUES (216,2446,'2013-12-01',16);
INSERT INTO `problem` (`pid`, `poj_pid`, `deadline`, `cid`) VALUES (217,2728,'2013-12-01',16);
INSERT INTO `problem` (`pid`, `poj_pid`, `deadline`, `cid`) VALUES (218,3164,'2013-12-01',16);
INSERT INTO `problem` (`pid`, `poj_pid`, `deadline`, `cid`) VALUES (219,1679,'2013-12-01',16);
INSERT INTO `problem` (`pid`, `poj_pid`, `deadline`, `cid`) VALUES (220,3207,'2013-12-01',16);
INSERT INTO `problem` (`pid`, `poj_pid`, `deadline`, `cid`) VALUES (221,3678,'2013-12-01',16);
INSERT INTO `problem` (`pid`, `poj_pid`, `deadline`, `cid`) VALUES (222,3683,'2013-12-01',16);
INSERT INTO `problem` (`pid`, `poj_pid`, `deadline`, `cid`) VALUES (223,3648,'2013-12-01',16);
INSERT INTO `problem` (`pid`, `poj_pid`, `deadline`, `cid`) VALUES (224,2723,'2013-12-01',16);
INSERT INTO `problem` (`pid`, `poj_pid`, `deadline`, `cid`) VALUES (225,2749,'2013-12-01',16);
INSERT INTO `problem` (`pid`, `poj_pid`, `deadline`, `cid`) VALUES (226,1734,'2013-12-01',16);
INSERT INTO `problem` (`pid`, `poj_pid`, `deadline`, `cid`) VALUES (227,2778,'2013-12-01',17);
INSERT INTO `problem` (`pid`, `poj_pid`, `deadline`, `cid`) VALUES (228,3691,'2013-12-01',17);
INSERT INTO `problem` (`pid`, `poj_pid`, `deadline`, `cid`) VALUES (229,1330,'2013-12-01',17);
INSERT INTO `problem` (`pid`, `poj_pid`, `deadline`, `cid`) VALUES (230,2823,'2013-12-01',17);
INSERT INTO `problem` (`pid`, `poj_pid`, `deadline`, `cid`) VALUES (231,3666,'2013-12-01',17);
INSERT INTO `problem` (`pid`, `poj_pid`, `deadline`, `cid`) VALUES (232,3016,'2013-12-01',17);
INSERT INTO `problem` (`pid`, `poj_pid`, `deadline`, `cid`) VALUES (233,3415,'2013-12-01',17);
INSERT INTO `problem` (`pid`, `poj_pid`, `deadline`, `cid`) VALUES (234,3294,'2013-12-01',17);
INSERT INTO `problem` (`pid`, `poj_pid`, `deadline`, `cid`) VALUES (235,2774,'2013-12-01',17);
INSERT INTO `problem` (`pid`, `poj_pid`, `deadline`, `cid`) VALUES (236,2758,'2013-12-01',17);
INSERT INTO `problem` (`pid`, `poj_pid`, `deadline`, `cid`) VALUES (237,1069,'2013-12-01',18);
INSERT INTO `problem` (`pid`, `poj_pid`, `deadline`, `cid`) VALUES (238,3322,'2013-12-01',18);
INSERT INTO `problem` (`pid`, `poj_pid`, `deadline`, `cid`) VALUES (239,1475,'2013-12-01',18);
INSERT INTO `problem` (`pid`, `poj_pid`, `deadline`, `cid`) VALUES (240,1924,'2013-12-01',18);
INSERT INTO `problem` (`pid`, `poj_pid`, `deadline`, `cid`) VALUES (241,2049,'2013-12-01',18);
INSERT INTO `problem` (`pid`, `poj_pid`, `deadline`, `cid`) VALUES (242,3426,'2013-12-01',18);
INSERT INTO `problem` (`pid`, `poj_pid`, `deadline`, `cid`) VALUES (243,1768,'2013-12-01',18);
INSERT INTO `problem` (`pid`, `poj_pid`, `deadline`, `cid`) VALUES (244,1184,'2013-12-01',18);
INSERT INTO `problem` (`pid`, `poj_pid`, `deadline`, `cid`) VALUES (245,1872,'2013-12-01',18);
INSERT INTO `problem` (`pid`, `poj_pid`, `deadline`, `cid`) VALUES (246,1324,'2013-12-01',18);
INSERT INTO `problem` (`pid`, `poj_pid`, `deadline`, `cid`) VALUES (247,2046,'2013-12-01',18);
INSERT INTO `problem` (`pid`, `poj_pid`, `deadline`, `cid`) VALUES (248,1482,'2013-12-01',18);
INSERT INTO `problem` (`pid`, `poj_pid`, `deadline`, `cid`) VALUES (249,3131,'2013-12-01',18);
INSERT INTO `problem` (`pid`, `poj_pid`, `deadline`, `cid`) VALUES (250,2870,'2013-12-01',18);
INSERT INTO `problem` (`pid`, `poj_pid`, `deadline`, `cid`) VALUES (251,2286,'2013-12-01',18);
INSERT INTO `problem` (`pid`, `poj_pid`, `deadline`, `cid`) VALUES (252,2754,'2013-12-01',19);
INSERT INTO `problem` (`pid`, `poj_pid`, `deadline`, `cid`) VALUES (253,3378,'2013-12-01',19);
INSERT INTO `problem` (`pid`, `poj_pid`, `deadline`, `cid`) VALUES (254,3017,'2013-12-01',19);
INSERT INTO `problem` (`pid`, `poj_pid`, `deadline`, `cid`) VALUES (255,1160,'2013-12-01',19);
INSERT INTO `problem` (`pid`, `poj_pid`, `deadline`, `cid`) VALUES (256,1180,'2013-12-01',19);
INSERT INTO `problem` (`pid`, `poj_pid`, `deadline`, `cid`) VALUES (257,3709,'2013-12-01',19);
INSERT INTO `problem` (`pid`, `poj_pid`, `deadline`, `cid`) VALUES (258,3133,'2013-12-01',19);
INSERT INTO `problem` (`pid`, `poj_pid`, `deadline`, `cid`) VALUES (259,1739,'2013-12-01',19);
INSERT INTO `problem` (`pid`, `poj_pid`, `deadline`, `cid`) VALUES (260,2411,'2013-12-01',19);
INSERT INTO `problem` (`pid`, `poj_pid`, `deadline`, `cid`) VALUES (261,1763,'2013-12-01',19);
INSERT INTO `problem` (`pid`, `poj_pid`, `deadline`, `cid`) VALUES (262,2888,'2013-12-01',20);
INSERT INTO `problem` (`pid`, `poj_pid`, `deadline`, `cid`) VALUES (263,2154,'2013-12-01',20);
INSERT INTO `problem` (`pid`, `poj_pid`, `deadline`, `cid`) VALUES (264,3317,'2013-12-01',20);
INSERT INTO `problem` (`pid`, `poj_pid`, `deadline`, `cid`) VALUES (265,1085,'2013-12-01',20);
INSERT INTO `problem` (`pid`, `poj_pid`, `deadline`, `cid`) VALUES (266,3384,'2013-12-01',21);
INSERT INTO `problem` (`pid`, `poj_pid`, `deadline`, `cid`) VALUES (267,2540,'2013-12-01',21);
INSERT INTO `problem` (`pid`, `poj_pid`, `deadline`, `cid`) VALUES (268,2966,'2013-12-01',21);
INSERT INTO `problem` (`pid`, `poj_pid`, `deadline`, `cid`) VALUES (269,2079,'2013-12-01',21);
INSERT INTO `problem` (`pid`, `poj_pid`, `deadline`, `cid`) VALUES (270,3109,'2013-12-01',22);
INSERT INTO `problem` (`pid`, `poj_pid`, `deadline`, `cid`) VALUES (271,1478,'2013-12-01',22);
INSERT INTO `problem` (`pid`, `poj_pid`, `deadline`, `cid`) VALUES (272,1462,'2013-12-01',22);
INSERT INTO `problem` (`pid`, `poj_pid`, `deadline`, `cid`) VALUES (273,2729,'2013-12-01',22);
INSERT INTO `problem` (`pid`, `poj_pid`, `deadline`, `cid`) VALUES (274,2048,'2013-12-01',22);
INSERT INTO `problem` (`pid`, `poj_pid`, `deadline`, `cid`) VALUES (275,3336,'2013-12-01',22);
INSERT INTO `problem` (`pid`, `poj_pid`, `deadline`, `cid`) VALUES (276,3315,'2013-12-01',22);
INSERT INTO `problem` (`pid`, `poj_pid`, `deadline`, `cid`) VALUES (277,2148,'2013-12-01',22);
INSERT INTO `problem` (`pid`, `poj_pid`, `deadline`, `cid`) VALUES (278,1263,'2013-12-01',22);
/*!40000 ALTER TABLE `problem` ENABLE KEYS */;
UNLOCK TABLES;

--
-- Table structure for table `solution`
--

DROP TABLE IF EXISTS `solution`;
/*!40101 SET @saved_cs_client     = @@character_set_client */;
/*!40101 SET character_set_client = utf8 */;
CREATE TABLE `solution` (
  `user_id` int(11) NOT NULL DEFAULT '0',
  `pid` int(11) NOT NULL DEFAULT '0',
  `actime` varchar(20) NOT NULL,
  PRIMARY KEY (`user_id`,`pid`),
  KEY `pid` (`pid`)
) ENGINE=MyISAM DEFAULT CHARSET=utf8;
/*!40101 SET character_set_client = @saved_cs_client */;

--
-- Dumping data for table `solution`
--

LOCK TABLES `solution` WRITE;
/*!40000 ALTER TABLE `solution` DISABLE KEYS */;
INSERT INTO `solution` (`user_id`, `pid`, `actime`) VALUES (1,1,'2013-06-21');
INSERT INTO `solution` (`user_id`, `pid`, `actime`) VALUES (1,2,'2013-06-22');
INSERT INTO `solution` (`user_id`, `pid`, `actime`) VALUES (1,3,'2013-07-29');
INSERT INTO `solution` (`user_id`, `pid`, `actime`) VALUES (1,4,'2013-07-29');
INSERT INTO `solution` (`user_id`, `pid`, `actime`) VALUES (1,5,'2013-07-29');
INSERT INTO `solution` (`user_id`, `pid`, `actime`) VALUES (1,6,'2013-07-29');
INSERT INTO `solution` (`user_id`, `pid`, `actime`) VALUES (1,7,'2013-07-29');
INSERT INTO `solution` (`user_id`, `pid`, `actime`) VALUES (1,8,'2013-07-29');
INSERT INTO `solution` (`user_id`, `pid`, `actime`) VALUES (1,9,'2013-07-30');
INSERT INTO `solution` (`user_id`, `pid`, `actime`) VALUES (1,10,'2013-07-30');
INSERT INTO `solution` (`user_id`, `pid`, `actime`) VALUES (1,11,'2013-07-30');
INSERT INTO `solution` (`user_id`, `pid`, `actime`) VALUES (1,12,'2013-07-30');
INSERT INTO `solution` (`user_id`, `pid`, `actime`) VALUES (1,13,'2013-07-30');
INSERT INTO `solution` (`user_id`, `pid`, `actime`) VALUES (1,14,'2013-07-23');
INSERT INTO `solution` (`user_id`, `pid`, `actime`) VALUES (1,15,'2013-08-02');
INSERT INTO `solution` (`user_id`, `pid`, `actime`) VALUES (1,16,'2013-07-31');
INSERT INTO `solution` (`user_id`, `pid`, `actime`) VALUES (1,17,'2013-08-04');
INSERT INTO `solution` (`user_id`, `pid`, `actime`) VALUES (1,18,'2013-08-05');
INSERT INTO `solution` (`user_id`, `pid`, `actime`) VALUES (1,19,'2013-08-06');
INSERT INTO `solution` (`user_id`, `pid`, `actime`) VALUES (1,20,'2013-08-06');
INSERT INTO `solution` (`user_id`, `pid`, `actime`) VALUES (1,21,'2013-08-07');
INSERT INTO `solution` (`user_id`, `pid`, `actime`) VALUES (1,22,'2013-08-07');
INSERT INTO `solution` (`user_id`, `pid`, `actime`) VALUES (1,23,'2013-08-07');
INSERT INTO `solution` (`user_id`, `pid`, `actime`) VALUES (1,24,'2013-08-07');
INSERT INTO `solution` (`user_id`, `pid`, `actime`) VALUES (1,25,'2013-08-07');
INSERT INTO `solution` (`user_id`, `pid`, `actime`) VALUES (1,26,'2013-08-08');
INSERT INTO `solution` (`user_id`, `pid`, `actime`) VALUES (1,27,'2013-08-09');
INSERT INTO `solution` (`user_id`, `pid`, `actime`) VALUES (1,28,'2013-08-12');
INSERT INTO `solution` (`user_id`, `pid`, `actime`) VALUES (1,29,'2013-08-09');
INSERT INTO `solution` (`user_id`, `pid`, `actime`) VALUES (1,30,'2013-08-10');
INSERT INTO `solution` (`user_id`, `pid`, `actime`) VALUES (1,31,'2013-08-12');
INSERT INTO `solution` (`user_id`, `pid`, `actime`) VALUES (1,32,'2013-08-12');
INSERT INTO `solution` (`user_id`, `pid`, `actime`) VALUES (1,33,'2013-08-13');
INSERT INTO `solution` (`user_id`, `pid`, `actime`) VALUES (1,34,'2013-08-13');
INSERT INTO `solution` (`user_id`, `pid`, `actime`) VALUES (1,35,'2013-08-14');
INSERT INTO `solution` (`user_id`, `pid`, `actime`) VALUES (1,36,'2013-08-14');
INSERT INTO `solution` (`user_id`, `pid`, `actime`) VALUES (1,37,'2013-06-18');
INSERT INTO `solution` (`user_id`, `pid`, `actime`) VALUES (1,38,'2013-08-14');
INSERT INTO `solution` (`user_id`, `pid`, `actime`) VALUES (1,39,'2013-08-14');
INSERT INTO `solution` (`user_id`, `pid`, `actime`) VALUES (1,40,'2013-08-14');
INSERT INTO `solution` (`user_id`, `pid`, `actime`) VALUES (1,41,'2013-08-15');
INSERT INTO `solution` (`user_id`, `pid`, `actime`) VALUES (1,42,'2013-08-15');
INSERT INTO `solution` (`user_id`, `pid`, `actime`) VALUES (1,43,'2013-08-15');
INSERT INTO `solution` (`user_id`, `pid`, `actime`) VALUES (1,44,'2013-08-16');
INSERT INTO `solution` (`user_id`, `pid`, `actime`) VALUES (1,45,'2013-08-16');
INSERT INTO `solution` (`user_id`, `pid`, `actime`) VALUES (1,46,'2013-08-16');
INSERT INTO `solution` (`user_id`, `pid`, `actime`) VALUES (1,47,'2013-08-16');
INSERT INTO `solution` (`user_id`, `pid`, `actime`) VALUES (1,48,'2013-08-17');
INSERT INTO `solution` (`user_id`, `pid`, `actime`) VALUES (1,49,'2013-08-17');
INSERT INTO `solution` (`user_id`, `pid`, `actime`) VALUES (1,50,'2013-08-17');
INSERT INTO `solution` (`user_id`, `pid`, `actime`) VALUES (1,51,'2013-08-19');
INSERT INTO `solution` (`user_id`, `pid`, `actime`) VALUES (1,52,'2013-07-31');
INSERT INTO `solution` (`user_id`, `pid`, `actime`) VALUES (1,53,'2013-08-19');
INSERT INTO `solution` (`user_id`, `pid`, `actime`) VALUES (1,54,'2013-08-19');
INSERT INTO `solution` (`user_id`, `pid`, `actime`) VALUES (1,55,'2013-08-19');
INSERT INTO `solution` (`user_id`, `pid`, `actime`) VALUES (1,56,'2013-07-23');
INSERT INTO `solution` (`user_id`, `pid`, `actime`) VALUES (1,57,'2013-08-20');
INSERT INTO `solution` (`user_id`, `pid`, `actime`) VALUES (1,58,'2013-08-20');
INSERT INTO `solution` (`user_id`, `pid`, `actime`) VALUES (1,59,'2013-08-20');
INSERT INTO `solution` (`user_id`, `pid`, `actime`) VALUES (1,60,'2013-08-21');
INSERT INTO `solution` (`user_id`, `pid`, `actime`) VALUES (1,61,'2013-08-21');
INSERT INTO `solution` (`user_id`, `pid`, `actime`) VALUES (1,62,'2013-08-21');
INSERT INTO `solution` (`user_id`, `pid`, `actime`) VALUES (1,63,'2013-08-21');
INSERT INTO `solution` (`user_id`, `pid`, `actime`) VALUES (1,64,'2013-08-22');
INSERT INTO `solution` (`user_id`, `pid`, `actime`) VALUES (1,65,'2013-08-22');
INSERT INTO `solution` (`user_id`, `pid`, `actime`) VALUES (1,66,'2013-09-04');
INSERT INTO `solution` (`user_id`, `pid`, `actime`) VALUES (1,67,'2013-08-12');
INSERT INTO `solution` (`user_id`, `pid`, `actime`) VALUES (1,68,'2013-09-05');
INSERT INTO `solution` (`user_id`, `pid`, `actime`) VALUES (1,69,'2013-09-12');
INSERT INTO `solution` (`user_id`, `pid`, `actime`) VALUES (1,70,'2013-09-12');
INSERT INTO `solution` (`user_id`, `pid`, `actime`) VALUES (1,71,'2013-09-12');
INSERT INTO `solution` (`user_id`, `pid`, `actime`) VALUES (1,72,'2013-10-21');
INSERT INTO `solution` (`user_id`, `pid`, `actime`) VALUES (1,73,'2013-10-22');
INSERT INTO `solution` (`user_id`, `pid`, `actime`) VALUES (1,93,'2013-09-18');
INSERT INTO `solution` (`user_id`, `pid`, `actime`) VALUES (1,94,'2013-09-18');
INSERT INTO `solution` (`user_id`, `pid`, `actime`) VALUES (1,95,'2013-09-19');
INSERT INTO `solution` (`user_id`, `pid`, `actime`) VALUES (1,96,'2013-09-20');
INSERT INTO `solution` (`user_id`, `pid`, `actime`) VALUES (1,97,'2013-10-04');
INSERT INTO `solution` (`user_id`, `pid`, `actime`) VALUES (1,98,'2013-10-06');
INSERT INTO `solution` (`user_id`, `pid`, `actime`) VALUES (1,99,'2013-10-10');
INSERT INTO `solution` (`user_id`, `pid`, `actime`) VALUES (1,100,'2013-10-14');
INSERT INTO `solution` (`user_id`, `pid`, `actime`) VALUES (1,101,'2013-10-21');
INSERT INTO `solution` (`user_id`, `pid`, `actime`) VALUES (1,102,'2013-10-22');
INSERT INTO `solution` (`user_id`, `pid`, `actime`) VALUES (1,103,'2013-11-04');
INSERT INTO `solution` (`user_id`, `pid`, `actime`) VALUES (1,104,'2013-11-05');
INSERT INTO `solution` (`user_id`, `pid`, `actime`) VALUES (1,207,'2013-08-17');
INSERT INTO `solution` (`user_id`, `pid`, `actime`) VALUES (1,241,'2013-08-02');
INSERT INTO `solution` (`user_id`, `pid`, `actime`) VALUES (2,1,'2013-08-03');
INSERT INTO `solution` (`user_id`, `pid`, `actime`) VALUES (2,2,'2013-08-05');
INSERT INTO `solution` (`user_id`, `pid`, `actime`) VALUES (2,3,'2013-08-02');
INSERT INTO `solution` (`user_id`, `pid`, `actime`) VALUES (2,4,'2013-08-02');
INSERT INTO `solution` (`user_id`, `pid`, `actime`) VALUES (2,5,'2013-08-02');
INSERT INTO `solution` (`user_id`, `pid`, `actime`) VALUES (2,6,'2013-02-21');
INSERT INTO `solution` (`user_id`, `pid`, `actime`) VALUES (2,7,'2013-06-21');
INSERT INTO `solution` (`user_id`, `pid`, `actime`) VALUES (2,8,'2013-08-05');
INSERT INTO `solution` (`user_id`, `pid`, `actime`) VALUES (2,9,'2013-08-05');
INSERT INTO `solution` (`user_id`, `pid`, `actime`) VALUES (2,10,'2013-08-06');
INSERT INTO `solution` (`user_id`, `pid`, `actime`) VALUES (2,11,'2013-08-06');
INSERT INTO `solution` (`user_id`, `pid`, `actime`) VALUES (2,12,'2013-08-06');
INSERT INTO `solution` (`user_id`, `pid`, `actime`) VALUES (2,13,'2013-08-06');
INSERT INTO `solution` (`user_id`, `pid`, `actime`) VALUES (2,14,'2013-07-29');
INSERT INTO `solution` (`user_id`, `pid`, `actime`) VALUES (2,15,'2013-08-13');
INSERT INTO `solution` (`user_id`, `pid`, `actime`) VALUES (2,16,'2013-08-07');
INSERT INTO `solution` (`user_id`, `pid`, `actime`) VALUES (2,17,'2013-08-07');
INSERT INTO `solution` (`user_id`, `pid`, `actime`) VALUES (2,18,'2013-07-29');
INSERT INTO `solution` (`user_id`, `pid`, `actime`) VALUES (2,19,'2013-08-08');
INSERT INTO `solution` (`user_id`, `pid`, `actime`) VALUES (2,20,'2013-07-29');
INSERT INTO `solution` (`user_id`, `pid`, `actime`) VALUES (2,21,'2013-08-07');
INSERT INTO `solution` (`user_id`, `pid`, `actime`) VALUES (2,22,'2013-08-07');
INSERT INTO `solution` (`user_id`, `pid`, `actime`) VALUES (2,23,'2013-08-08');
INSERT INTO `solution` (`user_id`, `pid`, `actime`) VALUES (2,24,'2013-06-21');
INSERT INTO `solution` (`user_id`, `pid`, `actime`) VALUES (2,25,'2013-06-22');
INSERT INTO `solution` (`user_id`, `pid`, `actime`) VALUES (2,26,'2013-08-08');
INSERT INTO `solution` (`user_id`, `pid`, `actime`) VALUES (2,27,'2013-08-09');
INSERT INTO `solution` (`user_id`, `pid`, `actime`) VALUES (2,28,'2013-09-03');
INSERT INTO `solution` (`user_id`, `pid`, `actime`) VALUES (2,29,'2013-08-10');
INSERT INTO `solution` (`user_id`, `pid`, `actime`) VALUES (2,30,'2013-08-08');
INSERT INTO `solution` (`user_id`, `pid`, `actime`) VALUES (2,32,'2013-08-12');
INSERT INTO `solution` (`user_id`, `pid`, `actime`) VALUES (2,34,'2013-08-13');
INSERT INTO `solution` (`user_id`, `pid`, `actime`) VALUES (2,35,'2013-08-13');
INSERT INTO `solution` (`user_id`, `pid`, `actime`) VALUES (2,36,'2013-08-13');
INSERT INTO `solution` (`user_id`, `pid`, `actime`) VALUES (2,37,'2013-06-21');
INSERT INTO `solution` (`user_id`, `pid`, `actime`) VALUES (2,38,'2013-08-12');
INSERT INTO `solution` (`user_id`, `pid`, `actime`) VALUES (2,39,'2013-02-21');
INSERT INTO `solution` (`user_id`, `pid`, `actime`) VALUES (2,40,'2013-08-14');
INSERT INTO `solution` (`user_id`, `pid`, `actime`) VALUES (2,41,'2013-08-15');
INSERT INTO `solution` (`user_id`, `pid`, `actime`) VALUES (2,43,'2013-08-14');
INSERT INTO `solution` (`user_id`, `pid`, `actime`) VALUES (2,44,'2013-08-16');
INSERT INTO `solution` (`user_id`, `pid`, `actime`) VALUES (2,45,'2013-08-08');
INSERT INTO `solution` (`user_id`, `pid`, `actime`) VALUES (2,46,'2013-07-30');
INSERT INTO `solution` (`user_id`, `pid`, `actime`) VALUES (2,47,'2013-07-30');
INSERT INTO `solution` (`user_id`, `pid`, `actime`) VALUES (2,48,'2013-08-19');
INSERT INTO `solution` (`user_id`, `pid`, `actime`) VALUES (2,49,'2013-08-16');
INSERT INTO `solution` (`user_id`, `pid`, `actime`) VALUES (2,50,'2013-08-19');
INSERT INTO `solution` (`user_id`, `pid`, `actime`) VALUES (2,51,'2013-08-19');
INSERT INTO `solution` (`user_id`, `pid`, `actime`) VALUES (2,52,'2013-08-07');
INSERT INTO `solution` (`user_id`, `pid`, `actime`) VALUES (2,53,'2013-08-22');
INSERT INTO `solution` (`user_id`, `pid`, `actime`) VALUES (2,54,'2013-07-29');
INSERT INTO `solution` (`user_id`, `pid`, `actime`) VALUES (2,55,'2013-08-19');
INSERT INTO `solution` (`user_id`, `pid`, `actime`) VALUES (2,56,'2013-07-29');
INSERT INTO `solution` (`user_id`, `pid`, `actime`) VALUES (2,57,'2013-08-20');
INSERT INTO `solution` (`user_id`, `pid`, `actime`) VALUES (2,58,'2013-08-20');
INSERT INTO `solution` (`user_id`, `pid`, `actime`) VALUES (2,59,'2013-08-20');
INSERT INTO `solution` (`user_id`, `pid`, `actime`) VALUES (2,60,'2013-08-20');
INSERT INTO `solution` (`user_id`, `pid`, `actime`) VALUES (2,62,'2013-08-22');
INSERT INTO `solution` (`user_id`, `pid`, `actime`) VALUES (2,63,'2013-08-21');
INSERT INTO `solution` (`user_id`, `pid`, `actime`) VALUES (2,64,'2013-08-21');
INSERT INTO `solution` (`user_id`, `pid`, `actime`) VALUES (2,65,'2013-08-23');
INSERT INTO `solution` (`user_id`, `pid`, `actime`) VALUES (2,66,'2013-08-23');
INSERT INTO `solution` (`user_id`, `pid`, `actime`) VALUES (2,67,'2013-09-03');
INSERT INTO `solution` (`user_id`, `pid`, `actime`) VALUES (2,68,'2013-08-28');
INSERT INTO `solution` (`user_id`, `pid`, `actime`) VALUES (2,69,'2013-09-06');
INSERT INTO `solution` (`user_id`, `pid`, `actime`) VALUES (2,70,'2013-08-28');
INSERT INTO `solution` (`user_id`, `pid`, `actime`) VALUES (2,71,'2013-08-28');
INSERT INTO `solution` (`user_id`, `pid`, `actime`) VALUES (2,72,'2013-08-30');
INSERT INTO `solution` (`user_id`, `pid`, `actime`) VALUES (2,73,'2013-08-30');
INSERT INTO `solution` (`user_id`, `pid`, `actime`) VALUES (2,74,'2013-09-13');
INSERT INTO `solution` (`user_id`, `pid`, `actime`) VALUES (2,75,'2013-09-17');
INSERT INTO `solution` (`user_id`, `pid`, `actime`) VALUES (2,76,'2013-09-19');
INSERT INTO `solution` (`user_id`, `pid`, `actime`) VALUES (2,77,'2013-09-28');
INSERT INTO `solution` (`user_id`, `pid`, `actime`) VALUES (2,78,'2013-10-08');
INSERT INTO `solution` (`user_id`, `pid`, `actime`) VALUES (2,80,'2013-10-12');
INSERT INTO `solution` (`user_id`, `pid`, `actime`) VALUES (2,81,'2013-10-13');
INSERT INTO `solution` (`user_id`, `pid`, `actime`) VALUES (2,82,'2013-10-10');
INSERT INTO `solution` (`user_id`, `pid`, `actime`) VALUES (2,83,'2013-10-11');
INSERT INTO `solution` (`user_id`, `pid`, `actime`) VALUES (2,84,'2013-10-24');
INSERT INTO `solution` (`user_id`, `pid`, `actime`) VALUES (2,85,'2013-10-24');
INSERT INTO `solution` (`user_id`, `pid`, `actime`) VALUES (2,86,'2013-10-20');
INSERT INTO `solution` (`user_id`, `pid`, `actime`) VALUES (2,87,'2013-10-22');
INSERT INTO `solution` (`user_id`, `pid`, `actime`) VALUES (2,89,'2013-10-24');
INSERT INTO `solution` (`user_id`, `pid`, `actime`) VALUES (2,90,'2013-10-25');
INSERT INTO `solution` (`user_id`, `pid`, `actime`) VALUES (2,91,'2013-10-25');
INSERT INTO `solution` (`user_id`, `pid`, `actime`) VALUES (2,92,'2013-10-26');
INSERT INTO `solution` (`user_id`, `pid`, `actime`) VALUES (2,93,'2013-10-15');
INSERT INTO `solution` (`user_id`, `pid`, `actime`) VALUES (2,94,'2013-10-19');
INSERT INTO `solution` (`user_id`, `pid`, `actime`) VALUES (2,95,'2013-10-28');
INSERT INTO `solution` (`user_id`, `pid`, `actime`) VALUES (2,96,'2013-10-29');
INSERT INTO `solution` (`user_id`, `pid`, `actime`) VALUES (2,97,'2013-10-30');
INSERT INTO `solution` (`user_id`, `pid`, `actime`) VALUES (2,98,'2013-11-05');
INSERT INTO `solution` (`user_id`, `pid`, `actime`) VALUES (2,106,'2013-11-08');
INSERT INTO `solution` (`user_id`, `pid`, `actime`) VALUES (2,116,'2013-11-08');
INSERT INTO `solution` (`user_id`, `pid`, `actime`) VALUES (2,167,'2013-10-15');
INSERT INTO `solution` (`user_id`, `pid`, `actime`) VALUES (2,169,'2013-10-13');
INSERT INTO `solution` (`user_id`, `pid`, `actime`) VALUES (2,207,'2013-08-16');
INSERT INTO `solution` (`user_id`, `pid`, `actime`) VALUES (2,241,'2013-08-13');
INSERT INTO `solution` (`user_id`, `pid`, `actime`) VALUES (3,1,'2013-06-18');
INSERT INTO `solution` (`user_id`, `pid`, `actime`) VALUES (3,2,'2013-06-22');
INSERT INTO `solution` (`user_id`, `pid`, `actime`) VALUES (3,3,'2013-07-30');
INSERT INTO `solution` (`user_id`, `pid`, `actime`) VALUES (3,4,'2013-06-22');
INSERT INTO `solution` (`user_id`, `pid`, `actime`) VALUES (3,5,'2013-07-29');
INSERT INTO `solution` (`user_id`, `pid`, `actime`) VALUES (3,6,'2013-02-21');
INSERT INTO `solution` (`user_id`, `pid`, `actime`) VALUES (3,7,'2013-06-15');
INSERT INTO `solution` (`user_id`, `pid`, `actime`) VALUES (3,8,'2013-07-30');
INSERT INTO `solution` (`user_id`, `pid`, `actime`) VALUES (3,9,'2013-06-28');
INSERT INTO `solution` (`user_id`, `pid`, `actime`) VALUES (3,10,'2013-07-30');
INSERT INTO `solution` (`user_id`, `pid`, `actime`) VALUES (3,11,'2013-06-28');
INSERT INTO `solution` (`user_id`, `pid`, `actime`) VALUES (3,12,'2013-07-30');
INSERT INTO `solution` (`user_id`, `pid`, `actime`) VALUES (3,13,'2013-07-30');
INSERT INTO `solution` (`user_id`, `pid`, `actime`) VALUES (3,14,'2013-06-15');
INSERT INTO `solution` (`user_id`, `pid`, `actime`) VALUES (3,15,'2013-08-02');
INSERT INTO `solution` (`user_id`, `pid`, `actime`) VALUES (3,16,'2013-08-03');
INSERT INTO `solution` (`user_id`, `pid`, `actime`) VALUES (3,17,'2013-08-06');
INSERT INTO `solution` (`user_id`, `pid`, `actime`) VALUES (3,18,'2013-07-29');
INSERT INTO `solution` (`user_id`, `pid`, `actime`) VALUES (3,19,'2013-08-03');
INSERT INTO `solution` (`user_id`, `pid`, `actime`) VALUES (3,20,'2013-08-05');
INSERT INTO `solution` (`user_id`, `pid`, `actime`) VALUES (3,21,'2013-08-05');
INSERT INTO `solution` (`user_id`, `pid`, `actime`) VALUES (3,22,'2013-08-05');
INSERT INTO `solution` (`user_id`, `pid`, `actime`) VALUES (3,23,'2013-08-06');
INSERT INTO `solution` (`user_id`, `pid`, `actime`) VALUES (3,24,'2013-06-19');
INSERT INTO `solution` (`user_id`, `pid`, `actime`) VALUES (3,25,'2013-08-02');
INSERT INTO `solution` (`user_id`, `pid`, `actime`) VALUES (3,26,'2013-08-07');
INSERT INTO `solution` (`user_id`, `pid`, `actime`) VALUES (3,27,'2013-08-07');
INSERT INTO `solution` (`user_id`, `pid`, `actime`) VALUES (3,28,'2013-08-12');
INSERT INTO `solution` (`user_id`, `pid`, `actime`) VALUES (3,29,'2013-08-10');
INSERT INTO `solution` (`user_id`, `pid`, `actime`) VALUES (3,30,'2013-08-06');
INSERT INTO `solution` (`user_id`, `pid`, `actime`) VALUES (3,31,'2013-08-15');
INSERT INTO `solution` (`user_id`, `pid`, `actime`) VALUES (3,32,'2013-08-10');
INSERT INTO `solution` (`user_id`, `pid`, `actime`) VALUES (3,34,'2013-08-12');
INSERT INTO `solution` (`user_id`, `pid`, `actime`) VALUES (3,35,'2013-08-12');
INSERT INTO `solution` (`user_id`, `pid`, `actime`) VALUES (3,36,'2013-06-21');
INSERT INTO `solution` (`user_id`, `pid`, `actime`) VALUES (3,37,'2013-06-21');
INSERT INTO `solution` (`user_id`, `pid`, `actime`) VALUES (3,38,'2013-08-12');
INSERT INTO `solution` (`user_id`, `pid`, `actime`) VALUES (3,39,'2013-02-21');
INSERT INTO `solution` (`user_id`, `pid`, `actime`) VALUES (3,40,'2013-08-13');
INSERT INTO `solution` (`user_id`, `pid`, `actime`) VALUES (3,41,'2013-08-15');
INSERT INTO `solution` (`user_id`, `pid`, `actime`) VALUES (3,43,'2013-08-13');
INSERT INTO `solution` (`user_id`, `pid`, `actime`) VALUES (3,44,'2013-08-15');
INSERT INTO `solution` (`user_id`, `pid`, `actime`) VALUES (3,45,'2013-07-29');
INSERT INTO `solution` (`user_id`, `pid`, `actime`) VALUES (3,46,'2013-06-21');
INSERT INTO `solution` (`user_id`, `pid`, `actime`) VALUES (3,47,'2013-08-16');
INSERT INTO `solution` (`user_id`, `pid`, `actime`) VALUES (3,48,'2013-08-16');
INSERT INTO `solution` (`user_id`, `pid`, `actime`) VALUES (3,49,'2013-08-02');
INSERT INTO `solution` (`user_id`, `pid`, `actime`) VALUES (3,50,'2013-07-29');
INSERT INTO `solution` (`user_id`, `pid`, `actime`) VALUES (3,51,'2013-08-14');
INSERT INTO `solution` (`user_id`, `pid`, `actime`) VALUES (3,52,'2013-08-03');
INSERT INTO `solution` (`user_id`, `pid`, `actime`) VALUES (3,53,'2013-08-19');
INSERT INTO `solution` (`user_id`, `pid`, `actime`) VALUES (3,54,'2013-08-19');
INSERT INTO `solution` (`user_id`, `pid`, `actime`) VALUES (3,55,'2013-08-19');
INSERT INTO `solution` (`user_id`, `pid`, `actime`) VALUES (3,56,'2013-06-15');
INSERT INTO `solution` (`user_id`, `pid`, `actime`) VALUES (3,57,'2013-08-19');
INSERT INTO `solution` (`user_id`, `pid`, `actime`) VALUES (3,58,'2013-08-19');
INSERT INTO `solution` (`user_id`, `pid`, `actime`) VALUES (3,59,'2013-08-19');
INSERT INTO `solution` (`user_id`, `pid`, `actime`) VALUES (3,60,'2013-08-19');
INSERT INTO `solution` (`user_id`, `pid`, `actime`) VALUES (3,61,'2013-08-28');
INSERT INTO `solution` (`user_id`, `pid`, `actime`) VALUES (3,62,'2013-08-20');
INSERT INTO `solution` (`user_id`, `pid`, `actime`) VALUES (3,63,'2013-08-19');
INSERT INTO `solution` (`user_id`, `pid`, `actime`) VALUES (3,64,'2013-08-20');
INSERT INTO `solution` (`user_id`, `pid`, `actime`) VALUES (3,65,'2013-08-22');
INSERT INTO `solution` (`user_id`, `pid`, `actime`) VALUES (3,66,'2013-08-22');
INSERT INTO `solution` (`user_id`, `pid`, `actime`) VALUES (3,67,'2013-08-12');
INSERT INTO `solution` (`user_id`, `pid`, `actime`) VALUES (3,68,'2013-08-23');
INSERT INTO `solution` (`user_id`, `pid`, `actime`) VALUES (3,69,'2013-08-23');
INSERT INTO `solution` (`user_id`, `pid`, `actime`) VALUES (3,70,'2013-07-31');
INSERT INTO `solution` (`user_id`, `pid`, `actime`) VALUES (3,71,'2013-07-31');
INSERT INTO `solution` (`user_id`, `pid`, `actime`) VALUES (3,72,'2013-08-23');
INSERT INTO `solution` (`user_id`, `pid`, `actime`) VALUES (3,73,'2013-08-19');
INSERT INTO `solution` (`user_id`, `pid`, `actime`) VALUES (3,78,'2013-10-08');
INSERT INTO `solution` (`user_id`, `pid`, `actime`) VALUES (3,82,'2013-10-15');
INSERT INTO `solution` (`user_id`, `pid`, `actime`) VALUES (3,83,'2013-10-15');
INSERT INTO `solution` (`user_id`, `pid`, `actime`) VALUES (3,84,'2013-10-25');
INSERT INTO `solution` (`user_id`, `pid`, `actime`) VALUES (3,85,'2013-10-25');
INSERT INTO `solution` (`user_id`, `pid`, `actime`) VALUES (3,93,'2013-10-09');
INSERT INTO `solution` (`user_id`, `pid`, `actime`) VALUES (3,94,'2013-10-09');
INSERT INTO `solution` (`user_id`, `pid`, `actime`) VALUES (3,95,'2013-10-12');
INSERT INTO `solution` (`user_id`, `pid`, `actime`) VALUES (3,96,'2013-10-12');
INSERT INTO `solution` (`user_id`, `pid`, `actime`) VALUES (3,97,'2013-10-13');
INSERT INTO `solution` (`user_id`, `pid`, `actime`) VALUES (3,100,'2013-10-20');
INSERT INTO `solution` (`user_id`, `pid`, `actime`) VALUES (3,101,'2013-10-22');
INSERT INTO `solution` (`user_id`, `pid`, `actime`) VALUES (3,119,'2013-11-03');
INSERT INTO `solution` (`user_id`, `pid`, `actime`) VALUES (3,120,'2013-11-05');
INSERT INTO `solution` (`user_id`, `pid`, `actime`) VALUES (3,121,'2013-11-05');
INSERT INTO `solution` (`user_id`, `pid`, `actime`) VALUES (3,129,'2013-09-13');
INSERT INTO `solution` (`user_id`, `pid`, `actime`) VALUES (3,130,'2013-10-13');
INSERT INTO `solution` (`user_id`, `pid`, `actime`) VALUES (3,131,'2013-10-13');
INSERT INTO `solution` (`user_id`, `pid`, `actime`) VALUES (3,207,'2013-08-02');
INSERT INTO `solution` (`user_id`, `pid`, `actime`) VALUES (3,241,'2013-08-02');
INSERT INTO `solution` (`user_id`, `pid`, `actime`) VALUES (4,1,'2013-08-02');
INSERT INTO `solution` (`user_id`, `pid`, `actime`) VALUES (4,2,'2013-08-03');
INSERT INTO `solution` (`user_id`, `pid`, `actime`) VALUES (4,3,'2013-08-02');
INSERT INTO `solution` (`user_id`, `pid`, `actime`) VALUES (4,4,'2013-07-29');
INSERT INTO `solution` (`user_id`, `pid`, `actime`) VALUES (4,5,'2013-08-02');
INSERT INTO `solution` (`user_id`, `pid`, `actime`) VALUES (4,6,'2013-07-30');
INSERT INTO `solution` (`user_id`, `pid`, `actime`) VALUES (4,7,'2013-07-29');
INSERT INTO `solution` (`user_id`, `pid`, `actime`) VALUES (4,8,'2013-08-05');
INSERT INTO `solution` (`user_id`, `pid`, `actime`) VALUES (4,9,'2013-07-31');
INSERT INTO `solution` (`user_id`, `pid`, `actime`) VALUES (4,10,'2013-07-31');
INSERT INTO `solution` (`user_id`, `pid`, `actime`) VALUES (4,11,'2013-08-01');
INSERT INTO `solution` (`user_id`, `pid`, `actime`) VALUES (4,12,'2013-08-01');
INSERT INTO `solution` (`user_id`, `pid`, `actime`) VALUES (4,13,'2013-08-01');
INSERT INTO `solution` (`user_id`, `pid`, `actime`) VALUES (4,14,'2013-08-05');
INSERT INTO `solution` (`user_id`, `pid`, `actime`) VALUES (4,16,'2013-08-05');
INSERT INTO `solution` (`user_id`, `pid`, `actime`) VALUES (4,34,'2013-08-14');
INSERT INTO `solution` (`user_id`, `pid`, `actime`) VALUES (4,35,'2013-08-15');
INSERT INTO `solution` (`user_id`, `pid`, `actime`) VALUES (4,36,'2013-07-29');
INSERT INTO `solution` (`user_id`, `pid`, `actime`) VALUES (4,37,'2013-07-29');
INSERT INTO `solution` (`user_id`, `pid`, `actime`) VALUES (4,38,'2013-08-14');
INSERT INTO `solution` (`user_id`, `pid`, `actime`) VALUES (4,39,'2013-07-30');
INSERT INTO `solution` (`user_id`, `pid`, `actime`) VALUES (4,40,'2013-08-15');
INSERT INTO `solution` (`user_id`, `pid`, `actime`) VALUES (4,46,'2013-07-30');
INSERT INTO `solution` (`user_id`, `pid`, `actime`) VALUES (4,48,'2013-08-19');
INSERT INTO `solution` (`user_id`, `pid`, `actime`) VALUES (4,52,'2013-08-05');
INSERT INTO `solution` (`user_id`, `pid`, `actime`) VALUES (4,56,'2013-08-05');
INSERT INTO `solution` (`user_id`, `pid`, `actime`) VALUES (4,76,'2013-11-04');
INSERT INTO `solution` (`user_id`, `pid`, `actime`) VALUES (4,77,'2013-11-04');
INSERT INTO `solution` (`user_id`, `pid`, `actime`) VALUES (4,82,'2013-11-09');
INSERT INTO `solution` (`user_id`, `pid`, `actime`) VALUES (5,1,'2013-07-29');
INSERT INTO `solution` (`user_id`, `pid`, `actime`) VALUES (5,2,'2013-07-29');
INSERT INTO `solution` (`user_id`, `pid`, `actime`) VALUES (5,3,'2013-07-29');
INSERT INTO `solution` (`user_id`, `pid`, `actime`) VALUES (5,4,'2013-07-29');
INSERT INTO `solution` (`user_id`, `pid`, `actime`) VALUES (5,5,'2013-07-29');
INSERT INTO `solution` (`user_id`, `pid`, `actime`) VALUES (5,6,'2013-07-29');
INSERT INTO `solution` (`user_id`, `pid`, `actime`) VALUES (5,7,'2013-07-29');
INSERT INTO `solution` (`user_id`, `pid`, `actime`) VALUES (5,8,'2013-07-30');
INSERT INTO `solution` (`user_id`, `pid`, `actime`) VALUES (5,9,'2013-07-30');
INSERT INTO `solution` (`user_id`, `pid`, `actime`) VALUES (5,10,'2013-07-30');
INSERT INTO `solution` (`user_id`, `pid`, `actime`) VALUES (5,11,'2013-07-30');
INSERT INTO `solution` (`user_id`, `pid`, `actime`) VALUES (5,12,'2013-07-30');
INSERT INTO `solution` (`user_id`, `pid`, `actime`) VALUES (5,13,'2013-07-30');
INSERT INTO `solution` (`user_id`, `pid`, `actime`) VALUES (5,14,'2013-07-30');
INSERT INTO `solution` (`user_id`, `pid`, `actime`) VALUES (5,15,'2013-07-31');
INSERT INTO `solution` (`user_id`, `pid`, `actime`) VALUES (5,16,'2013-08-02');
INSERT INTO `solution` (`user_id`, `pid`, `actime`) VALUES (5,17,'2013-08-02');
INSERT INTO `solution` (`user_id`, `pid`, `actime`) VALUES (5,18,'2013-08-02');
INSERT INTO `solution` (`user_id`, `pid`, `actime`) VALUES (5,19,'2013-08-03');
INSERT INTO `solution` (`user_id`, `pid`, `actime`) VALUES (5,20,'2013-08-05');
INSERT INTO `solution` (`user_id`, `pid`, `actime`) VALUES (5,21,'2013-08-06');
INSERT INTO `solution` (`user_id`, `pid`, `actime`) VALUES (5,22,'2013-08-05');
INSERT INTO `solution` (`user_id`, `pid`, `actime`) VALUES (5,23,'2013-08-06');
INSERT INTO `solution` (`user_id`, `pid`, `actime`) VALUES (5,24,'2013-08-06');
INSERT INTO `solution` (`user_id`, `pid`, `actime`) VALUES (5,25,'2013-08-06');
INSERT INTO `solution` (`user_id`, `pid`, `actime`) VALUES (5,26,'2013-08-06');
INSERT INTO `solution` (`user_id`, `pid`, `actime`) VALUES (5,27,'2013-08-08');
INSERT INTO `solution` (`user_id`, `pid`, `actime`) VALUES (5,28,'2013-08-28');
INSERT INTO `solution` (`user_id`, `pid`, `actime`) VALUES (5,29,'2013-08-09');
INSERT INTO `solution` (`user_id`, `pid`, `actime`) VALUES (5,30,'2013-08-09');
INSERT INTO `solution` (`user_id`, `pid`, `actime`) VALUES (5,34,'2013-03-31');
INSERT INTO `solution` (`user_id`, `pid`, `actime`) VALUES (5,35,'2013-08-10');
INSERT INTO `solution` (`user_id`, `pid`, `actime`) VALUES (5,36,'2013-08-09');
INSERT INTO `solution` (`user_id`, `pid`, `actime`) VALUES (5,37,'2013-06-25');
INSERT INTO `solution` (`user_id`, `pid`, `actime`) VALUES (5,38,'2013-08-12');
INSERT INTO `solution` (`user_id`, `pid`, `actime`) VALUES (5,39,'2013-08-12');
INSERT INTO `solution` (`user_id`, `pid`, `actime`) VALUES (5,40,'2013-08-13');
INSERT INTO `solution` (`user_id`, `pid`, `actime`) VALUES (5,41,'2013-08-16');
INSERT INTO `solution` (`user_id`, `pid`, `actime`) VALUES (5,43,'2013-08-15');
INSERT INTO `solution` (`user_id`, `pid`, `actime`) VALUES (5,44,'2013-08-15');
INSERT INTO `solution` (`user_id`, `pid`, `actime`) VALUES (5,45,'2013-08-14');
INSERT INTO `solution` (`user_id`, `pid`, `actime`) VALUES (5,46,'2013-07-30');
INSERT INTO `solution` (`user_id`, `pid`, `actime`) VALUES (5,47,'2013-08-14');
INSERT INTO `solution` (`user_id`, `pid`, `actime`) VALUES (5,48,'2013-08-19');
INSERT INTO `solution` (`user_id`, `pid`, `actime`) VALUES (5,49,'2013-08-13');
INSERT INTO `solution` (`user_id`, `pid`, `actime`) VALUES (5,50,'2013-03-27');
INSERT INTO `solution` (`user_id`, `pid`, `actime`) VALUES (5,51,'2013-08-19');
INSERT INTO `solution` (`user_id`, `pid`, `actime`) VALUES (5,52,'2013-08-02');
INSERT INTO `solution` (`user_id`, `pid`, `actime`) VALUES (5,53,'2013-08-23');
INSERT INTO `solution` (`user_id`, `pid`, `actime`) VALUES (5,54,'2013-08-20');
INSERT INTO `solution` (`user_id`, `pid`, `actime`) VALUES (5,55,'2013-08-20');
INSERT INTO `solution` (`user_id`, `pid`, `actime`) VALUES (5,56,'2013-07-30');
INSERT INTO `solution` (`user_id`, `pid`, `actime`) VALUES (5,57,'2013-08-20');
INSERT INTO `solution` (`user_id`, `pid`, `actime`) VALUES (5,58,'2013-08-20');
INSERT INTO `solution` (`user_id`, `pid`, `actime`) VALUES (5,59,'2013-08-21');
INSERT INTO `solution` (`user_id`, `pid`, `actime`) VALUES (5,60,'2013-08-21');
INSERT INTO `solution` (`user_id`, `pid`, `actime`) VALUES (5,61,'2013-08-23');
INSERT INTO `solution` (`user_id`, `pid`, `actime`) VALUES (5,62,'2013-08-22');
INSERT INTO `solution` (`user_id`, `pid`, `actime`) VALUES (5,63,'2013-08-22');
INSERT INTO `solution` (`user_id`, `pid`, `actime`) VALUES (5,64,'2013-08-22');
INSERT INTO `solution` (`user_id`, `pid`, `actime`) VALUES (5,67,'2013-08-28');
INSERT INTO `solution` (`user_id`, `pid`, `actime`) VALUES (5,70,'2013-08-26');
INSERT INTO `solution` (`user_id`, `pid`, `actime`) VALUES (5,71,'2013-08-26');
INSERT INTO `solution` (`user_id`, `pid`, `actime`) VALUES (5,73,'2013-08-27');
INSERT INTO `solution` (`user_id`, `pid`, `actime`) VALUES (5,74,'2013-09-07');
INSERT INTO `solution` (`user_id`, `pid`, `actime`) VALUES (5,75,'2013-09-08');
INSERT INTO `solution` (`user_id`, `pid`, `actime`) VALUES (5,76,'2013-09-10');
INSERT INTO `solution` (`user_id`, `pid`, `actime`) VALUES (5,77,'2013-09-10');
INSERT INTO `solution` (`user_id`, `pid`, `actime`) VALUES (5,82,'2013-09-21');
INSERT INTO `solution` (`user_id`, `pid`, `actime`) VALUES (5,86,'2013-10-11');
INSERT INTO `solution` (`user_id`, `pid`, `actime`) VALUES (5,87,'2013-10-11');
INSERT INTO `solution` (`user_id`, `pid`, `actime`) VALUES (5,89,'2013-10-26');
INSERT INTO `solution` (`user_id`, `pid`, `actime`) VALUES (5,90,'2013-10-29');
INSERT INTO `solution` (`user_id`, `pid`, `actime`) VALUES (5,91,'2013-10-23');
INSERT INTO `solution` (`user_id`, `pid`, `actime`) VALUES (5,95,'2013-10-05');
INSERT INTO `solution` (`user_id`, `pid`, `actime`) VALUES (5,96,'2013-10-05');
INSERT INTO `solution` (`user_id`, `pid`, `actime`) VALUES (5,97,'2013-10-06');
INSERT INTO `solution` (`user_id`, `pid`, `actime`) VALUES (5,98,'2013-10-07');
INSERT INTO `solution` (`user_id`, `pid`, `actime`) VALUES (5,99,'2013-10-10');
INSERT INTO `solution` (`user_id`, `pid`, `actime`) VALUES (5,119,'2013-09-28');
INSERT INTO `solution` (`user_id`, `pid`, `actime`) VALUES (5,120,'2013-09-27');
INSERT INTO `solution` (`user_id`, `pid`, `actime`) VALUES (5,121,'2013-09-30');
INSERT INTO `solution` (`user_id`, `pid`, `actime`) VALUES (5,122,'2013-09-30');
INSERT INTO `solution` (`user_id`, `pid`, `actime`) VALUES (5,131,'2013-08-20');
INSERT INTO `solution` (`user_id`, `pid`, `actime`) VALUES (5,181,'2013-11-05');
INSERT INTO `solution` (`user_id`, `pid`, `actime`) VALUES (5,184,'2013-11-05');
INSERT INTO `solution` (`user_id`, `pid`, `actime`) VALUES (5,207,'2013-08-13');
INSERT INTO `solution` (`user_id`, `pid`, `actime`) VALUES (5,241,'2013-07-31');
INSERT INTO `solution` (`user_id`, `pid`, `actime`) VALUES (6,1,'2013-06-20');
INSERT INTO `solution` (`user_id`, `pid`, `actime`) VALUES (6,2,'2013-06-21');
INSERT INTO `solution` (`user_id`, `pid`, `actime`) VALUES (6,3,'2013-06-21');
INSERT INTO `solution` (`user_id`, `pid`, `actime`) VALUES (6,4,'2013-06-26');
INSERT INTO `solution` (`user_id`, `pid`, `actime`) VALUES (6,5,'2013-06-24');
INSERT INTO `solution` (`user_id`, `pid`, `actime`) VALUES (6,6,'2013-06-27');
INSERT INTO `solution` (`user_id`, `pid`, `actime`) VALUES (6,7,'2013-07-29');
INSERT INTO `solution` (`user_id`, `pid`, `actime`) VALUES (6,8,'2013-07-30');
INSERT INTO `solution` (`user_id`, `pid`, `actime`) VALUES (6,9,'2013-07-30');
INSERT INTO `solution` (`user_id`, `pid`, `actime`) VALUES (6,10,'2013-07-31');
INSERT INTO `solution` (`user_id`, `pid`, `actime`) VALUES (6,11,'2013-07-31');
INSERT INTO `solution` (`user_id`, `pid`, `actime`) VALUES (6,12,'2013-08-05');
INSERT INTO `solution` (`user_id`, `pid`, `actime`) VALUES (6,13,'2013-08-05');
INSERT INTO `solution` (`user_id`, `pid`, `actime`) VALUES (6,14,'2013-06-29');
INSERT INTO `solution` (`user_id`, `pid`, `actime`) VALUES (6,15,'2013-08-07');
INSERT INTO `solution` (`user_id`, `pid`, `actime`) VALUES (6,16,'2013-08-06');
INSERT INTO `solution` (`user_id`, `pid`, `actime`) VALUES (6,17,'2013-08-08');
INSERT INTO `solution` (`user_id`, `pid`, `actime`) VALUES (6,18,'2013-07-05');
INSERT INTO `solution` (`user_id`, `pid`, `actime`) VALUES (6,19,'2013-08-09');
INSERT INTO `solution` (`user_id`, `pid`, `actime`) VALUES (6,20,'2013-08-09');
INSERT INTO `solution` (`user_id`, `pid`, `actime`) VALUES (6,21,'2013-08-10');
INSERT INTO `solution` (`user_id`, `pid`, `actime`) VALUES (6,22,'2013-08-12');
INSERT INTO `solution` (`user_id`, `pid`, `actime`) VALUES (6,23,'2013-08-03');
INSERT INTO `solution` (`user_id`, `pid`, `actime`) VALUES (6,24,'2013-08-03');
INSERT INTO `solution` (`user_id`, `pid`, `actime`) VALUES (6,25,'2013-08-03');
INSERT INTO `solution` (`user_id`, `pid`, `actime`) VALUES (6,26,'2013-08-12');
INSERT INTO `solution` (`user_id`, `pid`, `actime`) VALUES (6,27,'2013-08-13');
INSERT INTO `solution` (`user_id`, `pid`, `actime`) VALUES (6,28,'2013-08-15');
INSERT INTO `solution` (`user_id`, `pid`, `actime`) VALUES (6,29,'2013-08-14');
INSERT INTO `solution` (`user_id`, `pid`, `actime`) VALUES (6,30,'2013-08-16');
INSERT INTO `solution` (`user_id`, `pid`, `actime`) VALUES (6,31,'2013-08-16');
INSERT INTO `solution` (`user_id`, `pid`, `actime`) VALUES (6,34,'2013-08-19');
INSERT INTO `solution` (`user_id`, `pid`, `actime`) VALUES (6,35,'2013-08-19');
INSERT INTO `solution` (`user_id`, `pid`, `actime`) VALUES (6,36,'2013-08-05');
INSERT INTO `solution` (`user_id`, `pid`, `actime`) VALUES (6,37,'2013-08-01');
INSERT INTO `solution` (`user_id`, `pid`, `actime`) VALUES (6,38,'2013-08-19');
INSERT INTO `solution` (`user_id`, `pid`, `actime`) VALUES (6,39,'2013-02-21');
INSERT INTO `solution` (`user_id`, `pid`, `actime`) VALUES (6,40,'2013-08-22');
INSERT INTO `solution` (`user_id`, `pid`, `actime`) VALUES (6,41,'2013-08-26');
INSERT INTO `solution` (`user_id`, `pid`, `actime`) VALUES (6,42,'2013-08-21');
INSERT INTO `solution` (`user_id`, `pid`, `actime`) VALUES (6,43,'2013-08-23');
INSERT INTO `solution` (`user_id`, `pid`, `actime`) VALUES (6,44,'2013-08-24');
INSERT INTO `solution` (`user_id`, `pid`, `actime`) VALUES (6,45,'2013-08-19');
INSERT INTO `solution` (`user_id`, `pid`, `actime`) VALUES (6,46,'2013-08-19');
INSERT INTO `solution` (`user_id`, `pid`, `actime`) VALUES (6,47,'2013-08-21');
INSERT INTO `solution` (`user_id`, `pid`, `actime`) VALUES (6,48,'2013-08-20');
INSERT INTO `solution` (`user_id`, `pid`, `actime`) VALUES (6,49,'2013-08-24');
INSERT INTO `solution` (`user_id`, `pid`, `actime`) VALUES (6,50,'2013-08-23');
INSERT INTO `solution` (`user_id`, `pid`, `actime`) VALUES (6,51,'2013-08-27');
INSERT INTO `solution` (`user_id`, `pid`, `actime`) VALUES (6,52,'2013-08-06');
INSERT INTO `solution` (`user_id`, `pid`, `actime`) VALUES (6,53,'2013-08-27');
INSERT INTO `solution` (`user_id`, `pid`, `actime`) VALUES (6,54,'2013-08-26');
INSERT INTO `solution` (`user_id`, `pid`, `actime`) VALUES (6,55,'2013-08-26');
INSERT INTO `solution` (`user_id`, `pid`, `actime`) VALUES (6,56,'2013-06-29');
INSERT INTO `solution` (`user_id`, `pid`, `actime`) VALUES (6,57,'2013-08-26');
INSERT INTO `solution` (`user_id`, `pid`, `actime`) VALUES (6,58,'2013-08-26');
INSERT INTO `solution` (`user_id`, `pid`, `actime`) VALUES (6,59,'2013-08-27');
INSERT INTO `solution` (`user_id`, `pid`, `actime`) VALUES (6,60,'2013-08-28');
INSERT INTO `solution` (`user_id`, `pid`, `actime`) VALUES (6,61,'2013-08-28');
INSERT INTO `solution` (`user_id`, `pid`, `actime`) VALUES (6,62,'2013-08-31');
INSERT INTO `solution` (`user_id`, `pid`, `actime`) VALUES (6,63,'2013-08-27');
INSERT INTO `solution` (`user_id`, `pid`, `actime`) VALUES (6,64,'2013-08-28');
INSERT INTO `solution` (`user_id`, `pid`, `actime`) VALUES (6,65,'2013-10-14');
INSERT INTO `solution` (`user_id`, `pid`, `actime`) VALUES (6,66,'2013-05-14');
INSERT INTO `solution` (`user_id`, `pid`, `actime`) VALUES (6,67,'2013-08-15');
INSERT INTO `solution` (`user_id`, `pid`, `actime`) VALUES (6,68,'2013-10-26');
INSERT INTO `solution` (`user_id`, `pid`, `actime`) VALUES (6,69,'2013-10-24');
INSERT INTO `solution` (`user_id`, `pid`, `actime`) VALUES (6,70,'2013-10-24');
INSERT INTO `solution` (`user_id`, `pid`, `actime`) VALUES (6,71,'2013-10-25');
INSERT INTO `solution` (`user_id`, `pid`, `actime`) VALUES (6,72,'2013-10-28');
INSERT INTO `solution` (`user_id`, `pid`, `actime`) VALUES (6,73,'2013-10-28');
INSERT INTO `solution` (`user_id`, `pid`, `actime`) VALUES (6,75,'2013-10-18');
INSERT INTO `solution` (`user_id`, `pid`, `actime`) VALUES (6,77,'2013-10-30');
INSERT INTO `solution` (`user_id`, `pid`, `actime`) VALUES (6,78,'2013-11-02');
INSERT INTO `solution` (`user_id`, `pid`, `actime`) VALUES (6,86,'2013-11-07');
INSERT INTO `solution` (`user_id`, `pid`, `actime`) VALUES (6,87,'2013-11-05');
INSERT INTO `solution` (`user_id`, `pid`, `actime`) VALUES (6,93,'2013-08-02');
INSERT INTO `solution` (`user_id`, `pid`, `actime`) VALUES (6,148,'2013-06-04');
INSERT INTO `solution` (`user_id`, `pid`, `actime`) VALUES (6,207,'2013-08-24');
INSERT INTO `solution` (`user_id`, `pid`, `actime`) VALUES (6,241,'2013-08-07');
INSERT INTO `solution` (`user_id`, `pid`, `actime`) VALUES (7,1,'2013-08-05');
INSERT INTO `solution` (`user_id`, `pid`, `actime`) VALUES (7,3,'2013-07-29');
INSERT INTO `solution` (`user_id`, `pid`, `actime`) VALUES (7,4,'2013-08-05');
INSERT INTO `solution` (`user_id`, `pid`, `actime`) VALUES (7,6,'2013-08-05');
INSERT INTO `solution` (`user_id`, `pid`, `actime`) VALUES (7,7,'2013-08-05');
INSERT INTO `solution` (`user_id`, `pid`, `actime`) VALUES (7,8,'2013-08-05');
INSERT INTO `solution` (`user_id`, `pid`, `actime`) VALUES (7,9,'2013-08-05');
INSERT INTO `solution` (`user_id`, `pid`, `actime`) VALUES (7,11,'2013-08-05');
INSERT INTO `solution` (`user_id`, `pid`, `actime`) VALUES (7,13,'2013-07-30');
INSERT INTO `solution` (`user_id`, `pid`, `actime`) VALUES (7,14,'2013-10-22');
INSERT INTO `solution` (`user_id`, `pid`, `actime`) VALUES (7,17,'2013-10-22');
INSERT INTO `solution` (`user_id`, `pid`, `actime`) VALUES (7,20,'2013-10-26');
INSERT INTO `solution` (`user_id`, `pid`, `actime`) VALUES (7,21,'2013-10-26');
INSERT INTO `solution` (`user_id`, `pid`, `actime`) VALUES (7,23,'2013-11-05');
INSERT INTO `solution` (`user_id`, `pid`, `actime`) VALUES (7,24,'2013-11-05');
INSERT INTO `solution` (`user_id`, `pid`, `actime`) VALUES (7,25,'2013-11-05');
INSERT INTO `solution` (`user_id`, `pid`, `actime`) VALUES (7,27,'2013-10-29');
INSERT INTO `solution` (`user_id`, `pid`, `actime`) VALUES (7,30,'2013-11-05');
INSERT INTO `solution` (`user_id`, `pid`, `actime`) VALUES (7,31,'2013-11-07');
INSERT INTO `solution` (`user_id`, `pid`, `actime`) VALUES (7,50,'2013-03-25');
INSERT INTO `solution` (`user_id`, `pid`, `actime`) VALUES (7,56,'2013-10-22');
INSERT INTO `solution` (`user_id`, `pid`, `actime`) VALUES (7,58,'2013-10-24');
INSERT INTO `solution` (`user_id`, `pid`, `actime`) VALUES (7,74,'2013-08-06');
INSERT INTO `solution` (`user_id`, `pid`, `actime`) VALUES (7,77,'2013-08-07');
INSERT INTO `solution` (`user_id`, `pid`, `actime`) VALUES (7,78,'2013-08-08');
INSERT INTO `solution` (`user_id`, `pid`, `actime`) VALUES (7,80,'2013-08-10');
INSERT INTO `solution` (`user_id`, `pid`, `actime`) VALUES (7,81,'2013-08-09');
INSERT INTO `solution` (`user_id`, `pid`, `actime`) VALUES (7,85,'2013-10-04');
INSERT INTO `solution` (`user_id`, `pid`, `actime`) VALUES (7,86,'2013-07-23');
INSERT INTO `solution` (`user_id`, `pid`, `actime`) VALUES (7,87,'2013-08-12');
INSERT INTO `solution` (`user_id`, `pid`, `actime`) VALUES (7,88,'2013-07-31');
INSERT INTO `solution` (`user_id`, `pid`, `actime`) VALUES (7,90,'2013-07-29');
INSERT INTO `solution` (`user_id`, `pid`, `actime`) VALUES (7,91,'2013-10-23');
INSERT INTO `solution` (`user_id`, `pid`, `actime`) VALUES (7,92,'2013-07-30');
INSERT INTO `solution` (`user_id`, `pid`, `actime`) VALUES (7,155,'2013-09-19');
INSERT INTO `solution` (`user_id`, `pid`, `actime`) VALUES (7,156,'2013-09-24');
INSERT INTO `solution` (`user_id`, `pid`, `actime`) VALUES (7,159,'2013-08-16');
INSERT INTO `solution` (`user_id`, `pid`, `actime`) VALUES (7,164,'2013-06-20');
INSERT INTO `solution` (`user_id`, `pid`, `actime`) VALUES (7,165,'2013-09-13');
INSERT INTO `solution` (`user_id`, `pid`, `actime`) VALUES (7,166,'2013-09-12');
INSERT INTO `solution` (`user_id`, `pid`, `actime`) VALUES (7,167,'2013-10-08');
INSERT INTO `solution` (`user_id`, `pid`, `actime`) VALUES (7,168,'2013-10-10');
INSERT INTO `solution` (`user_id`, `pid`, `actime`) VALUES (7,169,'2013-08-09');
INSERT INTO `solution` (`user_id`, `pid`, `actime`) VALUES (7,170,'2013-10-04');
INSERT INTO `solution` (`user_id`, `pid`, `actime`) VALUES (7,171,'2013-10-15');
INSERT INTO `solution` (`user_id`, `pid`, `actime`) VALUES (7,173,'2013-09-12');
INSERT INTO `solution` (`user_id`, `pid`, `actime`) VALUES (7,174,'2013-09-28');
INSERT INTO `solution` (`user_id`, `pid`, `actime`) VALUES (7,175,'2013-10-08');
INSERT INTO `solution` (`user_id`, `pid`, `actime`) VALUES (7,176,'2013-10-10');
INSERT INTO `solution` (`user_id`, `pid`, `actime`) VALUES (7,179,'2013-09-18');
INSERT INTO `solution` (`user_id`, `pid`, `actime`) VALUES (7,191,'2013-07-31');
INSERT INTO `solution` (`user_id`, `pid`, `actime`) VALUES (7,193,'2013-08-13');
INSERT INTO `solution` (`user_id`, `pid`, `actime`) VALUES (7,205,'2013-10-04');
INSERT INTO `solution` (`user_id`, `pid`, `actime`) VALUES (7,263,'2013-10-17');
INSERT INTO `solution` (`user_id`, `pid`, `actime`) VALUES (7,268,'2013-08-02');
INSERT INTO `solution` (`user_id`, `pid`, `actime`) VALUES (8,1,'2013-08-05');
INSERT INTO `solution` (`user_id`, `pid`, `actime`) VALUES (8,2,'2013-08-03');
INSERT INTO `solution` (`user_id`, `pid`, `actime`) VALUES (8,3,'2013-08-05');
INSERT INTO `solution` (`user_id`, `pid`, `actime`) VALUES (8,4,'2013-08-05');
INSERT INTO `solution` (`user_id`, `pid`, `actime`) VALUES (8,5,'2013-08-05');
INSERT INTO `solution` (`user_id`, `pid`, `actime`) VALUES (8,6,'2013-08-03');
INSERT INTO `solution` (`user_id`, `pid`, `actime`) VALUES (8,7,'2013-08-03');
INSERT INTO `solution` (`user_id`, `pid`, `actime`) VALUES (8,8,'2013-08-07');
INSERT INTO `solution` (`user_id`, `pid`, `actime`) VALUES (8,9,'2013-08-06');
INSERT INTO `solution` (`user_id`, `pid`, `actime`) VALUES (8,10,'2013-08-06');
INSERT INTO `solution` (`user_id`, `pid`, `actime`) VALUES (8,11,'2013-08-07');
INSERT INTO `solution` (`user_id`, `pid`, `actime`) VALUES (8,12,'2013-08-05');
INSERT INTO `solution` (`user_id`, `pid`, `actime`) VALUES (8,13,'2013-08-08');
INSERT INTO `solution` (`user_id`, `pid`, `actime`) VALUES (8,14,'2013-07-29');
INSERT INTO `solution` (`user_id`, `pid`, `actime`) VALUES (8,15,'2013-08-18');
INSERT INTO `solution` (`user_id`, `pid`, `actime`) VALUES (8,16,'2013-08-12');
INSERT INTO `solution` (`user_id`, `pid`, `actime`) VALUES (8,17,'2013-08-13');
INSERT INTO `solution` (`user_id`, `pid`, `actime`) VALUES (8,18,'2013-08-14');
INSERT INTO `solution` (`user_id`, `pid`, `actime`) VALUES (8,19,'2013-08-15');
INSERT INTO `solution` (`user_id`, `pid`, `actime`) VALUES (8,20,'2013-08-16');
INSERT INTO `solution` (`user_id`, `pid`, `actime`) VALUES (8,21,'2013-08-16');
INSERT INTO `solution` (`user_id`, `pid`, `actime`) VALUES (8,22,'2013-08-14');
INSERT INTO `solution` (`user_id`, `pid`, `actime`) VALUES (8,23,'2013-08-14');
INSERT INTO `solution` (`user_id`, `pid`, `actime`) VALUES (8,24,'2013-08-14');
INSERT INTO `solution` (`user_id`, `pid`, `actime`) VALUES (8,25,'2013-08-14');
INSERT INTO `solution` (`user_id`, `pid`, `actime`) VALUES (8,26,'2013-08-17');
INSERT INTO `solution` (`user_id`, `pid`, `actime`) VALUES (8,27,'2013-10-08');
INSERT INTO `solution` (`user_id`, `pid`, `actime`) VALUES (8,28,'2013-10-12');
INSERT INTO `solution` (`user_id`, `pid`, `actime`) VALUES (8,30,'2013-08-14');
INSERT INTO `solution` (`user_id`, `pid`, `actime`) VALUES (8,34,'2013-08-19');
INSERT INTO `solution` (`user_id`, `pid`, `actime`) VALUES (8,35,'2013-08-19');
INSERT INTO `solution` (`user_id`, `pid`, `actime`) VALUES (8,36,'2013-08-10');
INSERT INTO `solution` (`user_id`, `pid`, `actime`) VALUES (8,37,'2013-06-21');
INSERT INTO `solution` (`user_id`, `pid`, `actime`) VALUES (8,38,'2013-08-19');
INSERT INTO `solution` (`user_id`, `pid`, `actime`) VALUES (8,39,'2013-08-19');
INSERT INTO `solution` (`user_id`, `pid`, `actime`) VALUES (8,42,'2013-08-20');
INSERT INTO `solution` (`user_id`, `pid`, `actime`) VALUES (8,43,'2013-08-21');
INSERT INTO `solution` (`user_id`, `pid`, `actime`) VALUES (8,44,'2013-08-23');
INSERT INTO `solution` (`user_id`, `pid`, `actime`) VALUES (8,45,'2013-08-10');
INSERT INTO `solution` (`user_id`, `pid`, `actime`) VALUES (8,46,'2013-06-21');
INSERT INTO `solution` (`user_id`, `pid`, `actime`) VALUES (8,47,'2013-08-20');
INSERT INTO `solution` (`user_id`, `pid`, `actime`) VALUES (8,48,'2013-08-22');
INSERT INTO `solution` (`user_id`, `pid`, `actime`) VALUES (8,49,'2013-08-23');
INSERT INTO `solution` (`user_id`, `pid`, `actime`) VALUES (8,50,'2013-08-22');
INSERT INTO `solution` (`user_id`, `pid`, `actime`) VALUES (8,51,'2013-08-27');
INSERT INTO `solution` (`user_id`, `pid`, `actime`) VALUES (8,52,'2013-08-12');
INSERT INTO `solution` (`user_id`, `pid`, `actime`) VALUES (8,53,'2013-08-27');
INSERT INTO `solution` (`user_id`, `pid`, `actime`) VALUES (8,54,'2013-08-26');
INSERT INTO `solution` (`user_id`, `pid`, `actime`) VALUES (8,55,'2013-08-26');
INSERT INTO `solution` (`user_id`, `pid`, `actime`) VALUES (8,56,'2013-07-29');
INSERT INTO `solution` (`user_id`, `pid`, `actime`) VALUES (8,57,'2013-08-26');
INSERT INTO `solution` (`user_id`, `pid`, `actime`) VALUES (8,58,'2013-08-26');
INSERT INTO `solution` (`user_id`, `pid`, `actime`) VALUES (8,59,'2013-08-27');
INSERT INTO `solution` (`user_id`, `pid`, `actime`) VALUES (8,60,'2013-08-30');
INSERT INTO `solution` (`user_id`, `pid`, `actime`) VALUES (8,62,'2013-08-28');
INSERT INTO `solution` (`user_id`, `pid`, `actime`) VALUES (8,63,'2013-08-28');
INSERT INTO `solution` (`user_id`, `pid`, `actime`) VALUES (8,64,'2013-08-30');
INSERT INTO `solution` (`user_id`, `pid`, `actime`) VALUES (8,65,'2013-09-06');
INSERT INTO `solution` (`user_id`, `pid`, `actime`) VALUES (8,66,'2013-10-11');
INSERT INTO `solution` (`user_id`, `pid`, `actime`) VALUES (8,67,'2013-10-12');
INSERT INTO `solution` (`user_id`, `pid`, `actime`) VALUES (8,68,'2013-09-24');
INSERT INTO `solution` (`user_id`, `pid`, `actime`) VALUES (8,69,'2013-10-12');
INSERT INTO `solution` (`user_id`, `pid`, `actime`) VALUES (8,70,'2013-08-22');
INSERT INTO `solution` (`user_id`, `pid`, `actime`) VALUES (8,71,'2013-10-11');
INSERT INTO `solution` (`user_id`, `pid`, `actime`) VALUES (8,72,'2013-10-15');
INSERT INTO `solution` (`user_id`, `pid`, `actime`) VALUES (8,73,'2013-08-22');
INSERT INTO `solution` (`user_id`, `pid`, `actime`) VALUES (8,74,'2013-10-17');
INSERT INTO `solution` (`user_id`, `pid`, `actime`) VALUES (8,76,'2013-10-22');
INSERT INTO `solution` (`user_id`, `pid`, `actime`) VALUES (8,82,'2013-11-05');
INSERT INTO `solution` (`user_id`, `pid`, `actime`) VALUES (8,83,'2013-11-05');
INSERT INTO `solution` (`user_id`, `pid`, `actime`) VALUES (8,84,'2013-11-06');
INSERT INTO `solution` (`user_id`, `pid`, `actime`) VALUES (8,85,'2013-11-07');
INSERT INTO `solution` (`user_id`, `pid`, `actime`) VALUES (8,86,'2013-10-19');
INSERT INTO `solution` (`user_id`, `pid`, `actime`) VALUES (8,87,'2013-10-24');
INSERT INTO `solution` (`user_id`, `pid`, `actime`) VALUES (8,89,'2013-11-01');
INSERT INTO `solution` (`user_id`, `pid`, `actime`) VALUES (8,90,'2013-10-29');
INSERT INTO `solution` (`user_id`, `pid`, `actime`) VALUES (8,92,'2013-10-31');
INSERT INTO `solution` (`user_id`, `pid`, `actime`) VALUES (8,93,'2013-10-25');
INSERT INTO `solution` (`user_id`, `pid`, `actime`) VALUES (8,207,'2013-08-23');
INSERT INTO `solution` (`user_id`, `pid`, `actime`) VALUES (8,241,'2013-08-18');
INSERT INTO `solution` (`user_id`, `pid`, `actime`) VALUES (9,1,'2013-06-23');
INSERT INTO `solution` (`user_id`, `pid`, `actime`) VALUES (9,2,'2013-07-29');
INSERT INTO `solution` (`user_id`, `pid`, `actime`) VALUES (9,3,'2013-07-29');
INSERT INTO `solution` (`user_id`, `pid`, `actime`) VALUES (9,4,'2013-07-30');
INSERT INTO `solution` (`user_id`, `pid`, `actime`) VALUES (9,5,'2013-07-30');
INSERT INTO `solution` (`user_id`, `pid`, `actime`) VALUES (9,6,'2013-07-30');
INSERT INTO `solution` (`user_id`, `pid`, `actime`) VALUES (9,7,'2013-07-29');
INSERT INTO `solution` (`user_id`, `pid`, `actime`) VALUES (9,8,'2013-07-30');
INSERT INTO `solution` (`user_id`, `pid`, `actime`) VALUES (9,9,'2013-07-30');
INSERT INTO `solution` (`user_id`, `pid`, `actime`) VALUES (9,10,'2013-08-01');
INSERT INTO `solution` (`user_id`, `pid`, `actime`) VALUES (9,11,'2013-08-01');
INSERT INTO `solution` (`user_id`, `pid`, `actime`) VALUES (9,12,'2013-08-01');
INSERT INTO `solution` (`user_id`, `pid`, `actime`) VALUES (9,13,'2013-08-01');
INSERT INTO `solution` (`user_id`, `pid`, `actime`) VALUES (9,14,'2013-08-02');
INSERT INTO `solution` (`user_id`, `pid`, `actime`) VALUES (9,15,'2013-08-06');
INSERT INTO `solution` (`user_id`, `pid`, `actime`) VALUES (9,16,'2013-08-03');
INSERT INTO `solution` (`user_id`, `pid`, `actime`) VALUES (9,17,'2013-08-06');
INSERT INTO `solution` (`user_id`, `pid`, `actime`) VALUES (9,18,'2013-08-07');
INSERT INTO `solution` (`user_id`, `pid`, `actime`) VALUES (9,19,'2013-08-08');
INSERT INTO `solution` (`user_id`, `pid`, `actime`) VALUES (9,20,'2013-08-08');
INSERT INTO `solution` (`user_id`, `pid`, `actime`) VALUES (9,21,'2013-08-09');
INSERT INTO `solution` (`user_id`, `pid`, `actime`) VALUES (9,22,'2013-08-09');
INSERT INTO `solution` (`user_id`, `pid`, `actime`) VALUES (9,23,'2013-08-10');
INSERT INTO `solution` (`user_id`, `pid`, `actime`) VALUES (9,24,'2013-08-12');
INSERT INTO `solution` (`user_id`, `pid`, `actime`) VALUES (9,25,'2013-08-12');
INSERT INTO `solution` (`user_id`, `pid`, `actime`) VALUES (9,26,'2013-08-14');
INSERT INTO `solution` (`user_id`, `pid`, `actime`) VALUES (9,27,'2013-08-15');
INSERT INTO `solution` (`user_id`, `pid`, `actime`) VALUES (9,28,'2013-09-19');
INSERT INTO `solution` (`user_id`, `pid`, `actime`) VALUES (9,29,'2013-08-15');
INSERT INTO `solution` (`user_id`, `pid`, `actime`) VALUES (9,30,'2013-08-16');
INSERT INTO `solution` (`user_id`, `pid`, `actime`) VALUES (9,31,'2013-08-17');
INSERT INTO `solution` (`user_id`, `pid`, `actime`) VALUES (9,32,'2013-08-19');
INSERT INTO `solution` (`user_id`, `pid`, `actime`) VALUES (9,33,'2013-08-19');
INSERT INTO `solution` (`user_id`, `pid`, `actime`) VALUES (9,34,'2013-03-31');
INSERT INTO `solution` (`user_id`, `pid`, `actime`) VALUES (9,35,'2013-08-20');
INSERT INTO `solution` (`user_id`, `pid`, `actime`) VALUES (9,36,'2013-08-20');
INSERT INTO `solution` (`user_id`, `pid`, `actime`) VALUES (9,37,'2013-06-21');
INSERT INTO `solution` (`user_id`, `pid`, `actime`) VALUES (9,38,'2013-08-02');
INSERT INTO `solution` (`user_id`, `pid`, `actime`) VALUES (9,39,'2013-07-30');
INSERT INTO `solution` (`user_id`, `pid`, `actime`) VALUES (9,40,'2013-08-20');
INSERT INTO `solution` (`user_id`, `pid`, `actime`) VALUES (9,41,'2013-08-20');
INSERT INTO `solution` (`user_id`, `pid`, `actime`) VALUES (9,42,'2013-08-21');
INSERT INTO `solution` (`user_id`, `pid`, `actime`) VALUES (9,43,'2013-08-21');
INSERT INTO `solution` (`user_id`, `pid`, `actime`) VALUES (9,44,'2013-08-21');
INSERT INTO `solution` (`user_id`, `pid`, `actime`) VALUES (9,45,'2013-08-21');
INSERT INTO `solution` (`user_id`, `pid`, `actime`) VALUES (9,46,'2013-07-30');
INSERT INTO `solution` (`user_id`, `pid`, `actime`) VALUES (9,47,'2013-08-22');
INSERT INTO `solution` (`user_id`, `pid`, `actime`) VALUES (9,48,'2013-08-22');
INSERT INTO `solution` (`user_id`, `pid`, `actime`) VALUES (9,49,'2013-08-22');
INSERT INTO `solution` (`user_id`, `pid`, `actime`) VALUES (9,50,'2013-08-22');
INSERT INTO `solution` (`user_id`, `pid`, `actime`) VALUES (9,51,'2013-08-23');
INSERT INTO `solution` (`user_id`, `pid`, `actime`) VALUES (9,52,'2013-08-03');
INSERT INTO `solution` (`user_id`, `pid`, `actime`) VALUES (9,53,'2013-08-23');
INSERT INTO `solution` (`user_id`, `pid`, `actime`) VALUES (9,54,'2013-08-26');
INSERT INTO `solution` (`user_id`, `pid`, `actime`) VALUES (9,55,'2013-08-26');
INSERT INTO `solution` (`user_id`, `pid`, `actime`) VALUES (9,56,'2013-08-02');
INSERT INTO `solution` (`user_id`, `pid`, `actime`) VALUES (9,57,'2013-08-26');
INSERT INTO `solution` (`user_id`, `pid`, `actime`) VALUES (9,58,'2013-08-26');
INSERT INTO `solution` (`user_id`, `pid`, `actime`) VALUES (9,59,'2013-08-27');
INSERT INTO `solution` (`user_id`, `pid`, `actime`) VALUES (9,60,'2013-08-27');
INSERT INTO `solution` (`user_id`, `pid`, `actime`) VALUES (9,61,'2013-08-28');
INSERT INTO `solution` (`user_id`, `pid`, `actime`) VALUES (9,62,'2013-08-28');
INSERT INTO `solution` (`user_id`, `pid`, `actime`) VALUES (9,63,'2013-08-27');
INSERT INTO `solution` (`user_id`, `pid`, `actime`) VALUES (9,64,'2013-08-30');
INSERT INTO `solution` (`user_id`, `pid`, `actime`) VALUES (9,65,'2013-09-18');
INSERT INTO `solution` (`user_id`, `pid`, `actime`) VALUES (9,66,'2013-09-18');
INSERT INTO `solution` (`user_id`, `pid`, `actime`) VALUES (9,67,'2013-09-19');
INSERT INTO `solution` (`user_id`, `pid`, `actime`) VALUES (9,68,'2013-09-19');
INSERT INTO `solution` (`user_id`, `pid`, `actime`) VALUES (9,69,'2013-09-21');
INSERT INTO `solution` (`user_id`, `pid`, `actime`) VALUES (9,70,'2013-09-19');
INSERT INTO `solution` (`user_id`, `pid`, `actime`) VALUES (9,71,'2013-09-19');
INSERT INTO `solution` (`user_id`, `pid`, `actime`) VALUES (9,72,'2013-09-23');
INSERT INTO `solution` (`user_id`, `pid`, `actime`) VALUES (9,73,'2013-09-24');
INSERT INTO `solution` (`user_id`, `pid`, `actime`) VALUES (9,74,'2013-10-14');
INSERT INTO `solution` (`user_id`, `pid`, `actime`) VALUES (9,75,'2013-10-15');
INSERT INTO `solution` (`user_id`, `pid`, `actime`) VALUES (9,76,'2013-10-17');
INSERT INTO `solution` (`user_id`, `pid`, `actime`) VALUES (9,77,'2013-10-17');
INSERT INTO `solution` (`user_id`, `pid`, `actime`) VALUES (9,78,'2013-10-18');
INSERT INTO `solution` (`user_id`, `pid`, `actime`) VALUES (9,79,'2013-10-18');
INSERT INTO `solution` (`user_id`, `pid`, `actime`) VALUES (9,81,'2013-10-21');
INSERT INTO `solution` (`user_id`, `pid`, `actime`) VALUES (9,82,'2013-10-23');
INSERT INTO `solution` (`user_id`, `pid`, `actime`) VALUES (9,83,'2013-10-24');
INSERT INTO `solution` (`user_id`, `pid`, `actime`) VALUES (9,84,'2013-10-24');
INSERT INTO `solution` (`user_id`, `pid`, `actime`) VALUES (9,85,'2013-10-25');
INSERT INTO `solution` (`user_id`, `pid`, `actime`) VALUES (9,86,'2013-11-03');
INSERT INTO `solution` (`user_id`, `pid`, `actime`) VALUES (9,87,'2013-11-05');
INSERT INTO `solution` (`user_id`, `pid`, `actime`) VALUES (9,89,'2013-11-06');
INSERT INTO `solution` (`user_id`, `pid`, `actime`) VALUES (9,90,'2013-11-07');
INSERT INTO `solution` (`user_id`, `pid`, `actime`) VALUES (9,91,'2013-11-09');
INSERT INTO `solution` (`user_id`, `pid`, `actime`) VALUES (9,93,'2013-09-27');
INSERT INTO `solution` (`user_id`, `pid`, `actime`) VALUES (9,95,'2013-10-09');
INSERT INTO `solution` (`user_id`, `pid`, `actime`) VALUES (9,134,'2013-10-10');
INSERT INTO `solution` (`user_id`, `pid`, `actime`) VALUES (9,135,'2013-10-10');
INSERT INTO `solution` (`user_id`, `pid`, `actime`) VALUES (9,169,'2013-10-21');
INSERT INTO `solution` (`user_id`, `pid`, `actime`) VALUES (9,207,'2013-08-22');
INSERT INTO `solution` (`user_id`, `pid`, `actime`) VALUES (9,241,'2013-08-06');
INSERT INTO `solution` (`user_id`, `pid`, `actime`) VALUES (10,1,'2013-08-03');
INSERT INTO `solution` (`user_id`, `pid`, `actime`) VALUES (10,2,'2013-08-03');
INSERT INTO `solution` (`user_id`, `pid`, `actime`) VALUES (10,3,'2013-08-05');
INSERT INTO `solution` (`user_id`, `pid`, `actime`) VALUES (10,4,'2013-08-05');
INSERT INTO `solution` (`user_id`, `pid`, `actime`) VALUES (10,5,'2013-08-05');
INSERT INTO `solution` (`user_id`, `pid`, `actime`) VALUES (10,6,'2013-08-01');
INSERT INTO `solution` (`user_id`, `pid`, `actime`) VALUES (10,7,'2013-08-01');
INSERT INTO `solution` (`user_id`, `pid`, `actime`) VALUES (10,9,'2013-08-06');
INSERT INTO `solution` (`user_id`, `pid`, `actime`) VALUES (10,10,'2013-08-07');
INSERT INTO `solution` (`user_id`, `pid`, `actime`) VALUES (10,11,'2013-08-07');
INSERT INTO `solution` (`user_id`, `pid`, `actime`) VALUES (10,12,'2013-08-03');
INSERT INTO `solution` (`user_id`, `pid`, `actime`) VALUES (10,13,'2013-08-07');
INSERT INTO `solution` (`user_id`, `pid`, `actime`) VALUES (10,14,'2013-07-30');
INSERT INTO `solution` (`user_id`, `pid`, `actime`) VALUES (10,16,'2013-08-14');
INSERT INTO `solution` (`user_id`, `pid`, `actime`) VALUES (10,17,'2013-08-06');
INSERT INTO `solution` (`user_id`, `pid`, `actime`) VALUES (10,18,'2013-08-06');
INSERT INTO `solution` (`user_id`, `pid`, `actime`) VALUES (10,19,'2013-08-13');
INSERT INTO `solution` (`user_id`, `pid`, `actime`) VALUES (10,20,'2013-08-08');
INSERT INTO `solution` (`user_id`, `pid`, `actime`) VALUES (10,21,'2013-08-09');
INSERT INTO `solution` (`user_id`, `pid`, `actime`) VALUES (10,22,'2013-08-09');
INSERT INTO `solution` (`user_id`, `pid`, `actime`) VALUES (10,23,'2013-08-08');
INSERT INTO `solution` (`user_id`, `pid`, `actime`) VALUES (10,24,'2013-08-08');
INSERT INTO `solution` (`user_id`, `pid`, `actime`) VALUES (10,25,'2013-08-08');
INSERT INTO `solution` (`user_id`, `pid`, `actime`) VALUES (10,26,'2013-08-12');
INSERT INTO `solution` (`user_id`, `pid`, `actime`) VALUES (10,27,'2013-08-15');
INSERT INTO `solution` (`user_id`, `pid`, `actime`) VALUES (10,28,'2013-10-07');
INSERT INTO `solution` (`user_id`, `pid`, `actime`) VALUES (10,29,'2013-08-14');
INSERT INTO `solution` (`user_id`, `pid`, `actime`) VALUES (10,30,'2013-08-18');
INSERT INTO `solution` (`user_id`, `pid`, `actime`) VALUES (10,32,'2013-08-14');
INSERT INTO `solution` (`user_id`, `pid`, `actime`) VALUES (10,34,'2013-08-19');
INSERT INTO `solution` (`user_id`, `pid`, `actime`) VALUES (10,35,'2013-08-19');
INSERT INTO `solution` (`user_id`, `pid`, `actime`) VALUES (10,36,'2013-08-15');
INSERT INTO `solution` (`user_id`, `pid`, `actime`) VALUES (10,37,'2013-06-21');
INSERT INTO `solution` (`user_id`, `pid`, `actime`) VALUES (10,38,'2013-08-19');
INSERT INTO `solution` (`user_id`, `pid`, `actime`) VALUES (10,39,'2013-06-21');
INSERT INTO `solution` (`user_id`, `pid`, `actime`) VALUES (10,40,'2013-08-23');
INSERT INTO `solution` (`user_id`, `pid`, `actime`) VALUES (10,42,'2013-08-19');
INSERT INTO `solution` (`user_id`, `pid`, `actime`) VALUES (10,43,'2013-08-22');
INSERT INTO `solution` (`user_id`, `pid`, `actime`) VALUES (10,44,'2013-08-22');
INSERT INTO `solution` (`user_id`, `pid`, `actime`) VALUES (10,45,'2013-08-14');
INSERT INTO `solution` (`user_id`, `pid`, `actime`) VALUES (10,46,'2013-06-21');
INSERT INTO `solution` (`user_id`, `pid`, `actime`) VALUES (10,47,'2013-08-20');
INSERT INTO `solution` (`user_id`, `pid`, `actime`) VALUES (10,48,'2013-08-06');
INSERT INTO `solution` (`user_id`, `pid`, `actime`) VALUES (10,49,'2013-08-21');
INSERT INTO `solution` (`user_id`, `pid`, `actime`) VALUES (10,50,'2013-08-21');
INSERT INTO `solution` (`user_id`, `pid`, `actime`) VALUES (10,51,'2013-08-29');
INSERT INTO `solution` (`user_id`, `pid`, `actime`) VALUES (10,52,'2013-08-14');
INSERT INTO `solution` (`user_id`, `pid`, `actime`) VALUES (10,53,'2013-08-30');
INSERT INTO `solution` (`user_id`, `pid`, `actime`) VALUES (10,54,'2013-08-30');
INSERT INTO `solution` (`user_id`, `pid`, `actime`) VALUES (10,55,'2013-08-27');
INSERT INTO `solution` (`user_id`, `pid`, `actime`) VALUES (10,56,'2013-07-30');
INSERT INTO `solution` (`user_id`, `pid`, `actime`) VALUES (10,57,'2013-08-23');
INSERT INTO `solution` (`user_id`, `pid`, `actime`) VALUES (10,58,'2013-08-28');
INSERT INTO `solution` (`user_id`, `pid`, `actime`) VALUES (10,59,'2013-08-27');
INSERT INTO `solution` (`user_id`, `pid`, `actime`) VALUES (10,60,'2013-08-28');
INSERT INTO `solution` (`user_id`, `pid`, `actime`) VALUES (10,61,'2013-08-30');
INSERT INTO `solution` (`user_id`, `pid`, `actime`) VALUES (10,62,'2013-08-30');
INSERT INTO `solution` (`user_id`, `pid`, `actime`) VALUES (10,64,'2013-08-30');
INSERT INTO `solution` (`user_id`, `pid`, `actime`) VALUES (10,65,'2013-09-19');
INSERT INTO `solution` (`user_id`, `pid`, `actime`) VALUES (10,67,'2013-10-07');
INSERT INTO `solution` (`user_id`, `pid`, `actime`) VALUES (10,69,'2013-10-07');
INSERT INTO `solution` (`user_id`, `pid`, `actime`) VALUES (10,70,'2013-09-28');
INSERT INTO `solution` (`user_id`, `pid`, `actime`) VALUES (10,73,'2013-09-28');
INSERT INTO `solution` (`user_id`, `pid`, `actime`) VALUES (10,81,'2013-10-08');
INSERT INTO `solution` (`user_id`, `pid`, `actime`) VALUES (10,82,'2013-10-12');
INSERT INTO `solution` (`user_id`, `pid`, `actime`) VALUES (10,83,'2013-10-22');
INSERT INTO `solution` (`user_id`, `pid`, `actime`) VALUES (10,84,'2013-10-13');
INSERT INTO `solution` (`user_id`, `pid`, `actime`) VALUES (10,85,'2013-10-23');
INSERT INTO `solution` (`user_id`, `pid`, `actime`) VALUES (10,86,'2013-10-15');
INSERT INTO `solution` (`user_id`, `pid`, `actime`) VALUES (10,87,'2013-10-19');
INSERT INTO `solution` (`user_id`, `pid`, `actime`) VALUES (10,89,'2013-10-17');
INSERT INTO `solution` (`user_id`, `pid`, `actime`) VALUES (10,90,'2013-11-09');
INSERT INTO `solution` (`user_id`, `pid`, `actime`) VALUES (10,91,'2013-10-31');
INSERT INTO `solution` (`user_id`, `pid`, `actime`) VALUES (10,92,'2013-10-25');
INSERT INTO `solution` (`user_id`, `pid`, `actime`) VALUES (10,132,'2013-09-06');
INSERT INTO `solution` (`user_id`, `pid`, `actime`) VALUES (11,1,'2013-10-08');
INSERT INTO `solution` (`user_id`, `pid`, `actime`) VALUES (11,2,'2013-10-08');
INSERT INTO `solution` (`user_id`, `pid`, `actime`) VALUES (11,3,'2013-10-08');
INSERT INTO `solution` (`user_id`, `pid`, `actime`) VALUES (11,5,'2013-10-08');
INSERT INTO `solution` (`user_id`, `pid`, `actime`) VALUES (11,6,'2013-10-08');
INSERT INTO `solution` (`user_id`, `pid`, `actime`) VALUES (11,9,'2013-10-08');
INSERT INTO `solution` (`user_id`, `pid`, `actime`) VALUES (11,14,'2013-10-08');
INSERT INTO `solution` (`user_id`, `pid`, `actime`) VALUES (11,15,'2013-10-08');
INSERT INTO `solution` (`user_id`, `pid`, `actime`) VALUES (11,16,'2013-08-12');
INSERT INTO `solution` (`user_id`, `pid`, `actime`) VALUES (11,17,'2013-10-08');
INSERT INTO `solution` (`user_id`, `pid`, `actime`) VALUES (11,18,'2013-10-08');
INSERT INTO `solution` (`user_id`, `pid`, `actime`) VALUES (11,19,'2013-08-12');
INSERT INTO `solution` (`user_id`, `pid`, `actime`) VALUES (11,20,'2013-08-12');
INSERT INTO `solution` (`user_id`, `pid`, `actime`) VALUES (11,21,'2013-08-13');
INSERT INTO `solution` (`user_id`, `pid`, `actime`) VALUES (11,22,'2013-08-14');
INSERT INTO `solution` (`user_id`, `pid`, `actime`) VALUES (11,23,'2013-10-08');
INSERT INTO `solution` (`user_id`, `pid`, `actime`) VALUES (11,24,'2013-10-08');
INSERT INTO `solution` (`user_id`, `pid`, `actime`) VALUES (11,25,'2013-10-08');
INSERT INTO `solution` (`user_id`, `pid`, `actime`) VALUES (11,27,'2013-08-20');
INSERT INTO `solution` (`user_id`, `pid`, `actime`) VALUES (11,28,'2013-09-14');
INSERT INTO `solution` (`user_id`, `pid`, `actime`) VALUES (11,30,'2013-10-08');
INSERT INTO `solution` (`user_id`, `pid`, `actime`) VALUES (11,34,'2013-10-08');
INSERT INTO `solution` (`user_id`, `pid`, `actime`) VALUES (11,35,'2013-08-19');
INSERT INTO `solution` (`user_id`, `pid`, `actime`) VALUES (11,36,'2013-10-08');
INSERT INTO `solution` (`user_id`, `pid`, `actime`) VALUES (11,37,'2013-10-08');
INSERT INTO `solution` (`user_id`, `pid`, `actime`) VALUES (11,38,'2013-08-19');
INSERT INTO `solution` (`user_id`, `pid`, `actime`) VALUES (11,39,'2013-10-08');
INSERT INTO `solution` (`user_id`, `pid`, `actime`) VALUES (11,40,'2013-08-20');
INSERT INTO `solution` (`user_id`, `pid`, `actime`) VALUES (11,41,'2013-08-24');
INSERT INTO `solution` (`user_id`, `pid`, `actime`) VALUES (11,43,'2013-08-20');
INSERT INTO `solution` (`user_id`, `pid`, `actime`) VALUES (11,44,'2013-08-22');
INSERT INTO `solution` (`user_id`, `pid`, `actime`) VALUES (11,45,'2013-10-08');
INSERT INTO `solution` (`user_id`, `pid`, `actime`) VALUES (11,46,'2013-10-08');
INSERT INTO `solution` (`user_id`, `pid`, `actime`) VALUES (11,47,'2013-08-20');
INSERT INTO `solution` (`user_id`, `pid`, `actime`) VALUES (11,48,'2013-10-08');
INSERT INTO `solution` (`user_id`, `pid`, `actime`) VALUES (11,49,'2013-10-08');
INSERT INTO `solution` (`user_id`, `pid`, `actime`) VALUES (11,50,'2013-08-21');
INSERT INTO `solution` (`user_id`, `pid`, `actime`) VALUES (11,51,'2013-08-26');
INSERT INTO `solution` (`user_id`, `pid`, `actime`) VALUES (11,52,'2013-08-12');
INSERT INTO `solution` (`user_id`, `pid`, `actime`) VALUES (11,53,'2013-08-27');
INSERT INTO `solution` (`user_id`, `pid`, `actime`) VALUES (11,54,'2013-10-08');
INSERT INTO `solution` (`user_id`, `pid`, `actime`) VALUES (11,55,'2013-08-26');
INSERT INTO `solution` (`user_id`, `pid`, `actime`) VALUES (11,56,'2013-10-08');
INSERT INTO `solution` (`user_id`, `pid`, `actime`) VALUES (11,57,'2013-08-27');
INSERT INTO `solution` (`user_id`, `pid`, `actime`) VALUES (11,58,'2013-08-21');
INSERT INTO `solution` (`user_id`, `pid`, `actime`) VALUES (11,59,'2013-08-27');
INSERT INTO `solution` (`user_id`, `pid`, `actime`) VALUES (11,60,'2013-08-29');
INSERT INTO `solution` (`user_id`, `pid`, `actime`) VALUES (11,62,'2013-08-28');
INSERT INTO `solution` (`user_id`, `pid`, `actime`) VALUES (11,65,'2013-09-24');
INSERT INTO `solution` (`user_id`, `pid`, `actime`) VALUES (11,66,'2013-09-25');
INSERT INTO `solution` (`user_id`, `pid`, `actime`) VALUES (11,67,'2013-09-14');
INSERT INTO `solution` (`user_id`, `pid`, `actime`) VALUES (11,68,'2013-09-14');
INSERT INTO `solution` (`user_id`, `pid`, `actime`) VALUES (11,69,'2013-09-16');
INSERT INTO `solution` (`user_id`, `pid`, `actime`) VALUES (11,70,'2013-08-21');
INSERT INTO `solution` (`user_id`, `pid`, `actime`) VALUES (11,71,'2013-09-17');
INSERT INTO `solution` (`user_id`, `pid`, `actime`) VALUES (11,73,'2013-10-08');
INSERT INTO `solution` (`user_id`, `pid`, `actime`) VALUES (11,75,'2013-09-28');
INSERT INTO `solution` (`user_id`, `pid`, `actime`) VALUES (11,77,'2013-09-28');
INSERT INTO `solution` (`user_id`, `pid`, `actime`) VALUES (11,78,'2013-09-28');
INSERT INTO `solution` (`user_id`, `pid`, `actime`) VALUES (11,79,'2013-09-26');
INSERT INTO `solution` (`user_id`, `pid`, `actime`) VALUES (11,80,'2013-09-26');
INSERT INTO `solution` (`user_id`, `pid`, `actime`) VALUES (11,81,'2013-09-25');
INSERT INTO `solution` (`user_id`, `pid`, `actime`) VALUES (11,82,'2013-09-23');
INSERT INTO `solution` (`user_id`, `pid`, `actime`) VALUES (11,83,'2013-09-21');
INSERT INTO `solution` (`user_id`, `pid`, `actime`) VALUES (11,84,'2013-09-21');
INSERT INTO `solution` (`user_id`, `pid`, `actime`) VALUES (11,85,'2013-09-20');
INSERT INTO `solution` (`user_id`, `pid`, `actime`) VALUES (11,86,'2013-10-08');
INSERT INTO `solution` (`user_id`, `pid`, `actime`) VALUES (11,87,'2013-09-18');
INSERT INTO `solution` (`user_id`, `pid`, `actime`) VALUES (11,89,'2013-10-14');
INSERT INTO `solution` (`user_id`, `pid`, `actime`) VALUES (11,90,'2013-10-31');
INSERT INTO `solution` (`user_id`, `pid`, `actime`) VALUES (11,91,'2013-10-24');
INSERT INTO `solution` (`user_id`, `pid`, `actime`) VALUES (11,92,'2013-10-25');
INSERT INTO `solution` (`user_id`, `pid`, `actime`) VALUES (11,93,'2013-09-28');
INSERT INTO `solution` (`user_id`, `pid`, `actime`) VALUES (11,94,'2013-10-10');
INSERT INTO `solution` (`user_id`, `pid`, `actime`) VALUES (11,95,'2013-11-06');
INSERT INTO `solution` (`user_id`, `pid`, `actime`) VALUES (11,169,'2013-09-25');
INSERT INTO `solution` (`user_id`, `pid`, `actime`) VALUES (11,207,'2013-10-08');
INSERT INTO `solution` (`user_id`, `pid`, `actime`) VALUES (11,241,'2013-10-08');
INSERT INTO `solution` (`user_id`, `pid`, `actime`) VALUES (12,1,'2012-05-30');
INSERT INTO `solution` (`user_id`, `pid`, `actime`) VALUES (12,2,'2012-07-14');
INSERT INTO `solution` (`user_id`, `pid`, `actime`) VALUES (12,3,'2012-11-08');
INSERT INTO `solution` (`user_id`, `pid`, `actime`) VALUES (12,4,'2012-07-14');
INSERT INTO `solution` (`user_id`, `pid`, `actime`) VALUES (12,5,'2012-11-14');
INSERT INTO `solution` (`user_id`, `pid`, `actime`) VALUES (12,6,'2012-06-30');
INSERT INTO `solution` (`user_id`, `pid`, `actime`) VALUES (12,7,'2012-04-12');
INSERT INTO `solution` (`user_id`, `pid`, `actime`) VALUES (12,8,'2012-06-09');
INSERT INTO `solution` (`user_id`, `pid`, `actime`) VALUES (12,9,'2012-07-14');
INSERT INTO `solution` (`user_id`, `pid`, `actime`) VALUES (12,10,'2012-07-14');
INSERT INTO `solution` (`user_id`, `pid`, `actime`) VALUES (12,11,'2012-07-15');
INSERT INTO `solution` (`user_id`, `pid`, `actime`) VALUES (12,12,'2012-11-25');
INSERT INTO `solution` (`user_id`, `pid`, `actime`) VALUES (12,13,'2012-11-25');
INSERT INTO `solution` (`user_id`, `pid`, `actime`) VALUES (12,14,'2012-05-31');
INSERT INTO `solution` (`user_id`, `pid`, `actime`) VALUES (12,15,'2012-11-29');
INSERT INTO `solution` (`user_id`, `pid`, `actime`) VALUES (12,16,'2012-11-28');
INSERT INTO `solution` (`user_id`, `pid`, `actime`) VALUES (12,17,'2012-11-27');
INSERT INTO `solution` (`user_id`, `pid`, `actime`) VALUES (12,18,'2012-08-08');
INSERT INTO `solution` (`user_id`, `pid`, `actime`) VALUES (12,19,'2012-11-27');
INSERT INTO `solution` (`user_id`, `pid`, `actime`) VALUES (12,20,'2012-11-27');
INSERT INTO `solution` (`user_id`, `pid`, `actime`) VALUES (12,21,'2012-11-04');
INSERT INTO `solution` (`user_id`, `pid`, `actime`) VALUES (12,22,'2012-07-14');
INSERT INTO `solution` (`user_id`, `pid`, `actime`) VALUES (12,23,'2012-12-03');
INSERT INTO `solution` (`user_id`, `pid`, `actime`) VALUES (12,24,'2012-07-14');
INSERT INTO `solution` (`user_id`, `pid`, `actime`) VALUES (12,25,'2012-08-06');
INSERT INTO `solution` (`user_id`, `pid`, `actime`) VALUES (12,26,'2012-12-08');
INSERT INTO `solution` (`user_id`, `pid`, `actime`) VALUES (12,27,'2012-12-06');
INSERT INTO `solution` (`user_id`, `pid`, `actime`) VALUES (12,28,'2012-12-04');
INSERT INTO `solution` (`user_id`, `pid`, `actime`) VALUES (12,29,'2012-12-06');
INSERT INTO `solution` (`user_id`, `pid`, `actime`) VALUES (12,30,'2012-12-06');
INSERT INTO `solution` (`user_id`, `pid`, `actime`) VALUES (12,31,'2012-12-11');
INSERT INTO `solution` (`user_id`, `pid`, `actime`) VALUES (12,32,'2012-12-11');
INSERT INTO `solution` (`user_id`, `pid`, `actime`) VALUES (12,33,'2012-12-12');
INSERT INTO `solution` (`user_id`, `pid`, `actime`) VALUES (12,34,'2012-12-13');
INSERT INTO `solution` (`user_id`, `pid`, `actime`) VALUES (12,35,'2013-01-01');
INSERT INTO `solution` (`user_id`, `pid`, `actime`) VALUES (12,36,'2012-11-05');
INSERT INTO `solution` (`user_id`, `pid`, `actime`) VALUES (12,37,'2012-07-29');
INSERT INTO `solution` (`user_id`, `pid`, `actime`) VALUES (12,38,'2012-07-27');
INSERT INTO `solution` (`user_id`, `pid`, `actime`) VALUES (12,39,'2012-08-03');
INSERT INTO `solution` (`user_id`, `pid`, `actime`) VALUES (12,40,'2012-10-18');
INSERT INTO `solution` (`user_id`, `pid`, `actime`) VALUES (12,41,'2013-01-14');
INSERT INTO `solution` (`user_id`, `pid`, `actime`) VALUES (12,42,'2013-01-19');
INSERT INTO `solution` (`user_id`, `pid`, `actime`) VALUES (12,43,'2013-01-15');
INSERT INTO `solution` (`user_id`, `pid`, `actime`) VALUES (12,44,'2013-01-15');
INSERT INTO `solution` (`user_id`, `pid`, `actime`) VALUES (12,45,'2012-11-19');
INSERT INTO `solution` (`user_id`, `pid`, `actime`) VALUES (12,46,'2012-07-23');
INSERT INTO `solution` (`user_id`, `pid`, `actime`) VALUES (12,47,'2013-01-17');
INSERT INTO `solution` (`user_id`, `pid`, `actime`) VALUES (12,48,'2013-01-17');
INSERT INTO `solution` (`user_id`, `pid`, `actime`) VALUES (12,49,'2012-08-18');
INSERT INTO `solution` (`user_id`, `pid`, `actime`) VALUES (12,50,'2013-01-18');
INSERT INTO `solution` (`user_id`, `pid`, `actime`) VALUES (12,51,'2012-05-31');
INSERT INTO `solution` (`user_id`, `pid`, `actime`) VALUES (12,52,'2012-11-28');
INSERT INTO `solution` (`user_id`, `pid`, `actime`) VALUES (12,53,'2013-01-19');
INSERT INTO `solution` (`user_id`, `pid`, `actime`) VALUES (12,54,'2012-05-31');
INSERT INTO `solution` (`user_id`, `pid`, `actime`) VALUES (12,55,'2012-06-02');
INSERT INTO `solution` (`user_id`, `pid`, `actime`) VALUES (12,56,'2012-05-31');
INSERT INTO `solution` (`user_id`, `pid`, `actime`) VALUES (12,57,'2012-08-03');
INSERT INTO `solution` (`user_id`, `pid`, `actime`) VALUES (12,58,'2012-07-15');
INSERT INTO `solution` (`user_id`, `pid`, `actime`) VALUES (12,59,'2013-01-19');
INSERT INTO `solution` (`user_id`, `pid`, `actime`) VALUES (12,60,'2013-01-20');
INSERT INTO `solution` (`user_id`, `pid`, `actime`) VALUES (12,61,'2013-01-20');
INSERT INTO `solution` (`user_id`, `pid`, `actime`) VALUES (12,62,'2013-01-20');
INSERT INTO `solution` (`user_id`, `pid`, `actime`) VALUES (12,63,'2012-07-10');
INSERT INTO `solution` (`user_id`, `pid`, `actime`) VALUES (12,64,'2013-01-20');
INSERT INTO `solution` (`user_id`, `pid`, `actime`) VALUES (12,65,'2013-01-21');
INSERT INTO `solution` (`user_id`, `pid`, `actime`) VALUES (12,66,'2012-07-30');
INSERT INTO `solution` (`user_id`, `pid`, `actime`) VALUES (12,67,'2012-12-04');
INSERT INTO `solution` (`user_id`, `pid`, `actime`) VALUES (12,68,'2012-05-02');
INSERT INTO `solution` (`user_id`, `pid`, `actime`) VALUES (12,69,'2013-01-21');
INSERT INTO `solution` (`user_id`, `pid`, `actime`) VALUES (12,70,'2012-05-02');
INSERT INTO `solution` (`user_id`, `pid`, `actime`) VALUES (12,71,'2012-07-15');
INSERT INTO `solution` (`user_id`, `pid`, `actime`) VALUES (12,72,'2013-01-22');
INSERT INTO `solution` (`user_id`, `pid`, `actime`) VALUES (12,73,'2012-04-18');
INSERT INTO `solution` (`user_id`, `pid`, `actime`) VALUES (12,74,'2013-01-23');
INSERT INTO `solution` (`user_id`, `pid`, `actime`) VALUES (12,76,'2012-04-18');
INSERT INTO `solution` (`user_id`, `pid`, `actime`) VALUES (12,77,'2012-04-19');
INSERT INTO `solution` (`user_id`, `pid`, `actime`) VALUES (12,78,'2013-01-23');
INSERT INTO `solution` (`user_id`, `pid`, `actime`) VALUES (12,79,'2013-01-26');
INSERT INTO `solution` (`user_id`, `pid`, `actime`) VALUES (12,80,'2013-01-25');
INSERT INTO `solution` (`user_id`, `pid`, `actime`) VALUES (12,81,'2012-07-30');
INSERT INTO `solution` (`user_id`, `pid`, `actime`) VALUES (12,82,'2013-01-26');
INSERT INTO `solution` (`user_id`, `pid`, `actime`) VALUES (12,83,'2013-01-29');
INSERT INTO `solution` (`user_id`, `pid`, `actime`) VALUES (12,84,'2013-01-28');
INSERT INTO `solution` (`user_id`, `pid`, `actime`) VALUES (12,85,'2013-01-29');
INSERT INTO `solution` (`user_id`, `pid`, `actime`) VALUES (12,86,'2013-01-28');
INSERT INTO `solution` (`user_id`, `pid`, `actime`) VALUES (12,87,'2012-08-11');
INSERT INTO `solution` (`user_id`, `pid`, `actime`) VALUES (12,88,'2013-02-10');
INSERT INTO `solution` (`user_id`, `pid`, `actime`) VALUES (12,89,'2013-02-10');
INSERT INTO `solution` (`user_id`, `pid`, `actime`) VALUES (12,90,'2013-02-05');
INSERT INTO `solution` (`user_id`, `pid`, `actime`) VALUES (12,91,'2013-02-03');
INSERT INTO `solution` (`user_id`, `pid`, `actime`) VALUES (12,92,'2013-02-04');
INSERT INTO `solution` (`user_id`, `pid`, `actime`) VALUES (12,93,'2012-07-23');
INSERT INTO `solution` (`user_id`, `pid`, `actime`) VALUES (12,94,'2013-02-18');
INSERT INTO `solution` (`user_id`, `pid`, `actime`) VALUES (12,100,'2013-02-21');
INSERT INTO `solution` (`user_id`, `pid`, `actime`) VALUES (12,101,'2013-02-22');
INSERT INTO `solution` (`user_id`, `pid`, `actime`) VALUES (12,102,'2013-02-21');
INSERT INTO `solution` (`user_id`, `pid`, `actime`) VALUES (12,103,'2013-03-08');
INSERT INTO `solution` (`user_id`, `pid`, `actime`) VALUES (12,104,'2013-02-22');
INSERT INTO `solution` (`user_id`, `pid`, `actime`) VALUES (12,105,'2013-02-27');
INSERT INTO `solution` (`user_id`, `pid`, `actime`) VALUES (12,106,'2013-02-25');
INSERT INTO `solution` (`user_id`, `pid`, `actime`) VALUES (12,107,'2013-02-27');
INSERT INTO `solution` (`user_id`, `pid`, `actime`) VALUES (12,110,'2013-04-01');
INSERT INTO `solution` (`user_id`, `pid`, `actime`) VALUES (12,113,'2013-04-16');
INSERT INTO `solution` (`user_id`, `pid`, `actime`) VALUES (12,114,'2013-04-17');
INSERT INTO `solution` (`user_id`, `pid`, `actime`) VALUES (12,116,'2013-02-25');
INSERT INTO `solution` (`user_id`, `pid`, `actime`) VALUES (12,118,'2013-04-17');
INSERT INTO `solution` (`user_id`, `pid`, `actime`) VALUES (12,119,'2013-06-04');
INSERT INTO `solution` (`user_id`, `pid`, `actime`) VALUES (12,120,'2013-06-03');
INSERT INTO `solution` (`user_id`, `pid`, `actime`) VALUES (12,121,'2013-06-03');
INSERT INTO `solution` (`user_id`, `pid`, `actime`) VALUES (12,122,'2013-06-18');
INSERT INTO `solution` (`user_id`, `pid`, `actime`) VALUES (12,123,'2013-06-19');
INSERT INTO `solution` (`user_id`, `pid`, `actime`) VALUES (12,124,'2013-06-20');
INSERT INTO `solution` (`user_id`, `pid`, `actime`) VALUES (12,125,'2012-07-17');
INSERT INTO `solution` (`user_id`, `pid`, `actime`) VALUES (12,126,'2013-06-18');
INSERT INTO `solution` (`user_id`, `pid`, `actime`) VALUES (12,127,'2012-08-10');
INSERT INTO `solution` (`user_id`, `pid`, `actime`) VALUES (12,128,'2012-07-28');
INSERT INTO `solution` (`user_id`, `pid`, `actime`) VALUES (12,129,'2012-10-13');
INSERT INTO `solution` (`user_id`, `pid`, `actime`) VALUES (12,130,'2013-04-18');
INSERT INTO `solution` (`user_id`, `pid`, `actime`) VALUES (12,131,'2013-04-19');
INSERT INTO `solution` (`user_id`, `pid`, `actime`) VALUES (12,132,'2013-06-17');
INSERT INTO `solution` (`user_id`, `pid`, `actime`) VALUES (12,133,'2013-06-17');
INSERT INTO `solution` (`user_id`, `pid`, `actime`) VALUES (12,134,'2012-07-20');
INSERT INTO `solution` (`user_id`, `pid`, `actime`) VALUES (12,135,'2012-07-20');
INSERT INTO `solution` (`user_id`, `pid`, `actime`) VALUES (12,136,'2013-07-06');
INSERT INTO `solution` (`user_id`, `pid`, `actime`) VALUES (12,137,'2013-07-06');
INSERT INTO `solution` (`user_id`, `pid`, `actime`) VALUES (12,138,'2013-07-06');
INSERT INTO `solution` (`user_id`, `pid`, `actime`) VALUES (12,139,'2013-07-07');
INSERT INTO `solution` (`user_id`, `pid`, `actime`) VALUES (12,140,'2013-07-08');
INSERT INTO `solution` (`user_id`, `pid`, `actime`) VALUES (12,141,'2013-07-09');
INSERT INTO `solution` (`user_id`, `pid`, `actime`) VALUES (12,142,'2013-07-09');
INSERT INTO `solution` (`user_id`, `pid`, `actime`) VALUES (12,143,'2013-07-08');
INSERT INTO `solution` (`user_id`, `pid`, `actime`) VALUES (12,144,'2012-08-12');
INSERT INTO `solution` (`user_id`, `pid`, `actime`) VALUES (12,145,'2013-07-11');
INSERT INTO `solution` (`user_id`, `pid`, `actime`) VALUES (12,146,'2013-07-11');
INSERT INTO `solution` (`user_id`, `pid`, `actime`) VALUES (12,147,'2013-07-13');
INSERT INTO `solution` (`user_id`, `pid`, `actime`) VALUES (12,148,'2012-09-26');
INSERT INTO `solution` (`user_id`, `pid`, `actime`) VALUES (12,149,'2012-09-27');
INSERT INTO `solution` (`user_id`, `pid`, `actime`) VALUES (12,150,'2013-03-30');
INSERT INTO `solution` (`user_id`, `pid`, `actime`) VALUES (12,152,'2013-07-20');
INSERT INTO `solution` (`user_id`, `pid`, `actime`) VALUES (12,154,'2013-07-22');
INSERT INTO `solution` (`user_id`, `pid`, `actime`) VALUES (12,155,'2012-07-24');
INSERT INTO `solution` (`user_id`, `pid`, `actime`) VALUES (12,156,'2012-07-24');
INSERT INTO `solution` (`user_id`, `pid`, `actime`) VALUES (12,157,'2013-07-22');
INSERT INTO `solution` (`user_id`, `pid`, `actime`) VALUES (12,158,'2012-10-18');
INSERT INTO `solution` (`user_id`, `pid`, `actime`) VALUES (12,162,'2012-12-06');
INSERT INTO `solution` (`user_id`, `pid`, `actime`) VALUES (12,164,'2013-07-22');
INSERT INTO `solution` (`user_id`, `pid`, `actime`) VALUES (12,165,'2013-07-22');
INSERT INTO `solution` (`user_id`, `pid`, `actime`) VALUES (12,166,'2012-07-30');
INSERT INTO `solution` (`user_id`, `pid`, `actime`) VALUES (12,167,'2013-07-24');
INSERT INTO `solution` (`user_id`, `pid`, `actime`) VALUES (12,169,'2012-07-30');
INSERT INTO `solution` (`user_id`, `pid`, `actime`) VALUES (12,170,'2013-07-23');
INSERT INTO `solution` (`user_id`, `pid`, `actime`) VALUES (12,172,'2013-02-27');
INSERT INTO `solution` (`user_id`, `pid`, `actime`) VALUES (12,173,'2012-09-19');
INSERT INTO `solution` (`user_id`, `pid`, `actime`) VALUES (12,175,'2013-07-24');
INSERT INTO `solution` (`user_id`, `pid`, `actime`) VALUES (12,176,'2013-08-01');
INSERT INTO `solution` (`user_id`, `pid`, `actime`) VALUES (12,179,'2013-08-09');
INSERT INTO `solution` (`user_id`, `pid`, `actime`) VALUES (12,180,'2013-08-09');
INSERT INTO `solution` (`user_id`, `pid`, `actime`) VALUES (12,181,'2013-04-24');
INSERT INTO `solution` (`user_id`, `pid`, `actime`) VALUES (12,183,'2013-08-10');
INSERT INTO `solution` (`user_id`, `pid`, `actime`) VALUES (12,184,'2013-04-24');
INSERT INTO `solution` (`user_id`, `pid`, `actime`) VALUES (12,185,'2013-08-11');
INSERT INTO `solution` (`user_id`, `pid`, `actime`) VALUES (12,188,'2013-08-12');
INSERT INTO `solution` (`user_id`, `pid`, `actime`) VALUES (12,189,'2013-08-11');
INSERT INTO `solution` (`user_id`, `pid`, `actime`) VALUES (12,205,'2013-07-23');
INSERT INTO `solution` (`user_id`, `pid`, `actime`) VALUES (12,207,'2012-08-18');
INSERT INTO `solution` (`user_id`, `pid`, `actime`) VALUES (12,210,'2013-08-08');
INSERT INTO `solution` (`user_id`, `pid`, `actime`) VALUES (12,219,'2012-10-03');
INSERT INTO `solution` (`user_id`, `pid`, `actime`) VALUES (12,226,'2013-08-09');
INSERT INTO `solution` (`user_id`, `pid`, `actime`) VALUES (12,227,'2013-04-23');
INSERT INTO `solution` (`user_id`, `pid`, `actime`) VALUES (12,228,'2013-07-28');
INSERT INTO `solution` (`user_id`, `pid`, `actime`) VALUES (12,229,'2012-10-16');
INSERT INTO `solution` (`user_id`, `pid`, `actime`) VALUES (12,230,'2012-08-20');
INSERT INTO `solution` (`user_id`, `pid`, `actime`) VALUES (12,241,'2012-11-29');
INSERT INTO `solution` (`user_id`, `pid`, `actime`) VALUES (12,255,'2012-08-23');
INSERT INTO `solution` (`user_id`, `pid`, `actime`) VALUES (12,260,'2012-09-27');
INSERT INTO `solution` (`user_id`, `pid`, `actime`) VALUES (13,1,'2012-11-23');
INSERT INTO `solution` (`user_id`, `pid`, `actime`) VALUES (13,2,'2012-11-23');
INSERT INTO `solution` (`user_id`, `pid`, `actime`) VALUES (13,3,'2012-08-18');
INSERT INTO `solution` (`user_id`, `pid`, `actime`) VALUES (13,6,'2012-11-29');
INSERT INTO `solution` (`user_id`, `pid`, `actime`) VALUES (13,7,'2012-12-02');
INSERT INTO `solution` (`user_id`, `pid`, `actime`) VALUES (13,9,'2012-07-23');
INSERT INTO `solution` (`user_id`, `pid`, `actime`) VALUES (13,10,'2012-07-24');
INSERT INTO `solution` (`user_id`, `pid`, `actime`) VALUES (13,11,'2012-07-15');
INSERT INTO `solution` (`user_id`, `pid`, `actime`) VALUES (13,14,'2012-07-23');
INSERT INTO `solution` (`user_id`, `pid`, `actime`) VALUES (13,15,'2012-07-31');
INSERT INTO `solution` (`user_id`, `pid`, `actime`) VALUES (13,16,'2013-01-24');
INSERT INTO `solution` (`user_id`, `pid`, `actime`) VALUES (13,18,'2012-08-08');
INSERT INTO `solution` (`user_id`, `pid`, `actime`) VALUES (13,19,'2012-08-13');
INSERT INTO `solution` (`user_id`, `pid`, `actime`) VALUES (13,21,'2012-08-07');
INSERT INTO `solution` (`user_id`, `pid`, `actime`) VALUES (13,22,'2012-09-06');
INSERT INTO `solution` (`user_id`, `pid`, `actime`) VALUES (13,23,'2012-08-06');
INSERT INTO `solution` (`user_id`, `pid`, `actime`) VALUES (13,24,'2012-08-03');
INSERT INTO `solution` (`user_id`, `pid`, `actime`) VALUES (13,25,'2012-12-03');
INSERT INTO `solution` (`user_id`, `pid`, `actime`) VALUES (13,26,'2012-12-11');
INSERT INTO `solution` (`user_id`, `pid`, `actime`) VALUES (13,27,'2012-07-24');
INSERT INTO `solution` (`user_id`, `pid`, `actime`) VALUES (13,28,'2012-12-13');
INSERT INTO `solution` (`user_id`, `pid`, `actime`) VALUES (13,29,'2012-12-06');
INSERT INTO `solution` (`user_id`, `pid`, `actime`) VALUES (13,30,'2013-01-18');
INSERT INTO `solution` (`user_id`, `pid`, `actime`) VALUES (13,31,'2013-01-18');
INSERT INTO `solution` (`user_id`, `pid`, `actime`) VALUES (13,32,'2012-12-12');
INSERT INTO `solution` (`user_id`, `pid`, `actime`) VALUES (13,33,'2012-12-14');
INSERT INTO `solution` (`user_id`, `pid`, `actime`) VALUES (13,34,'2012-12-14');
INSERT INTO `solution` (`user_id`, `pid`, `actime`) VALUES (13,35,'2012-07-20');
INSERT INTO `solution` (`user_id`, `pid`, `actime`) VALUES (13,36,'2012-12-20');
INSERT INTO `solution` (`user_id`, `pid`, `actime`) VALUES (13,37,'2012-12-20');
INSERT INTO `solution` (`user_id`, `pid`, `actime`) VALUES (13,38,'2012-07-28');
INSERT INTO `solution` (`user_id`, `pid`, `actime`) VALUES (13,39,'2012-07-05');
INSERT INTO `solution` (`user_id`, `pid`, `actime`) VALUES (13,40,'2013-01-02');
INSERT INTO `solution` (`user_id`, `pid`, `actime`) VALUES (13,41,'2013-01-22');
INSERT INTO `solution` (`user_id`, `pid`, `actime`) VALUES (13,42,'2013-01-22');
INSERT INTO `solution` (`user_id`, `pid`, `actime`) VALUES (13,43,'2013-01-22');
INSERT INTO `solution` (`user_id`, `pid`, `actime`) VALUES (13,44,'2013-01-22');
INSERT INTO `solution` (`user_id`, `pid`, `actime`) VALUES (13,45,'2013-01-09');
INSERT INTO `solution` (`user_id`, `pid`, `actime`) VALUES (13,46,'2013-01-22');
INSERT INTO `solution` (`user_id`, `pid`, `actime`) VALUES (13,47,'2013-01-23');
INSERT INTO `solution` (`user_id`, `pid`, `actime`) VALUES (13,48,'2013-01-23');
INSERT INTO `solution` (`user_id`, `pid`, `actime`) VALUES (13,49,'2012-09-03');
INSERT INTO `solution` (`user_id`, `pid`, `actime`) VALUES (13,50,'2013-01-19');
INSERT INTO `solution` (`user_id`, `pid`, `actime`) VALUES (13,51,'2012-07-11');
INSERT INTO `solution` (`user_id`, `pid`, `actime`) VALUES (13,52,'2013-01-24');
INSERT INTO `solution` (`user_id`, `pid`, `actime`) VALUES (13,53,'2013-01-21');
INSERT INTO `solution` (`user_id`, `pid`, `actime`) VALUES (13,54,'2012-07-12');
INSERT INTO `solution` (`user_id`, `pid`, `actime`) VALUES (13,56,'2012-07-23');
INSERT INTO `solution` (`user_id`, `pid`, `actime`) VALUES (13,57,'2012-07-31');
INSERT INTO `solution` (`user_id`, `pid`, `actime`) VALUES (13,59,'2013-01-20');
INSERT INTO `solution` (`user_id`, `pid`, `actime`) VALUES (13,60,'2013-01-25');
INSERT INTO `solution` (`user_id`, `pid`, `actime`) VALUES (13,61,'2013-01-26');
INSERT INTO `solution` (`user_id`, `pid`, `actime`) VALUES (13,62,'2013-01-26');
INSERT INTO `solution` (`user_id`, `pid`, `actime`) VALUES (13,63,'2013-01-26');
INSERT INTO `solution` (`user_id`, `pid`, `actime`) VALUES (13,64,'2013-01-27');
INSERT INTO `solution` (`user_id`, `pid`, `actime`) VALUES (13,65,'2013-01-28');
INSERT INTO `solution` (`user_id`, `pid`, `actime`) VALUES (13,66,'2013-01-29');
INSERT INTO `solution` (`user_id`, `pid`, `actime`) VALUES (13,67,'2012-12-13');
INSERT INTO `solution` (`user_id`, `pid`, `actime`) VALUES (13,68,'2013-01-29');
INSERT INTO `solution` (`user_id`, `pid`, `actime`) VALUES (13,69,'2013-01-30');
INSERT INTO `solution` (`user_id`, `pid`, `actime`) VALUES (13,70,'2013-01-26');
INSERT INTO `solution` (`user_id`, `pid`, `actime`) VALUES (13,71,'2013-01-26');
INSERT INTO `solution` (`user_id`, `pid`, `actime`) VALUES (13,72,'2013-01-30');
INSERT INTO `solution` (`user_id`, `pid`, `actime`) VALUES (13,73,'2013-01-30');
INSERT INTO `solution` (`user_id`, `pid`, `actime`) VALUES (13,74,'2013-02-06');
INSERT INTO `solution` (`user_id`, `pid`, `actime`) VALUES (13,75,'2013-02-07');
INSERT INTO `solution` (`user_id`, `pid`, `actime`) VALUES (13,76,'2013-02-07');
INSERT INTO `solution` (`user_id`, `pid`, `actime`) VALUES (13,77,'2012-07-31');
INSERT INTO `solution` (`user_id`, `pid`, `actime`) VALUES (13,78,'2013-02-08');
INSERT INTO `solution` (`user_id`, `pid`, `actime`) VALUES (13,79,'2013-02-08');
INSERT INTO `solution` (`user_id`, `pid`, `actime`) VALUES (13,80,'2013-02-08');
INSERT INTO `solution` (`user_id`, `pid`, `actime`) VALUES (13,81,'2013-02-19');
INSERT INTO `solution` (`user_id`, `pid`, `actime`) VALUES (13,82,'2013-02-08');
INSERT INTO `solution` (`user_id`, `pid`, `actime`) VALUES (13,83,'2013-02-08');
INSERT INTO `solution` (`user_id`, `pid`, `actime`) VALUES (13,84,'2013-02-09');
INSERT INTO `solution` (`user_id`, `pid`, `actime`) VALUES (13,85,'2013-02-09');
INSERT INTO `solution` (`user_id`, `pid`, `actime`) VALUES (13,86,'2013-02-10');
INSERT INTO `solution` (`user_id`, `pid`, `actime`) VALUES (13,87,'2013-02-11');
INSERT INTO `solution` (`user_id`, `pid`, `actime`) VALUES (13,88,'2013-02-11');
INSERT INTO `solution` (`user_id`, `pid`, `actime`) VALUES (13,89,'2013-02-12');
INSERT INTO `solution` (`user_id`, `pid`, `actime`) VALUES (13,90,'2013-02-12');
INSERT INTO `solution` (`user_id`, `pid`, `actime`) VALUES (13,91,'2013-02-13');
INSERT INTO `solution` (`user_id`, `pid`, `actime`) VALUES (13,92,'2012-08-17');
INSERT INTO `solution` (`user_id`, `pid`, `actime`) VALUES (13,93,'2012-07-23');
INSERT INTO `solution` (`user_id`, `pid`, `actime`) VALUES (13,94,'2013-02-20');
INSERT INTO `solution` (`user_id`, `pid`, `actime`) VALUES (13,100,'2013-03-11');
INSERT INTO `solution` (`user_id`, `pid`, `actime`) VALUES (13,101,'2013-03-12');
INSERT INTO `solution` (`user_id`, `pid`, `actime`) VALUES (13,102,'2013-03-12');
INSERT INTO `solution` (`user_id`, `pid`, `actime`) VALUES (13,103,'2013-03-13');
INSERT INTO `solution` (`user_id`, `pid`, `actime`) VALUES (13,104,'2013-03-13');
INSERT INTO `solution` (`user_id`, `pid`, `actime`) VALUES (13,105,'2013-03-21');
INSERT INTO `solution` (`user_id`, `pid`, `actime`) VALUES (13,106,'2013-03-23');
INSERT INTO `solution` (`user_id`, `pid`, `actime`) VALUES (13,107,'2013-03-23');
INSERT INTO `solution` (`user_id`, `pid`, `actime`) VALUES (13,108,'2013-04-16');
INSERT INTO `solution` (`user_id`, `pid`, `actime`) VALUES (13,109,'2013-06-17');
INSERT INTO `solution` (`user_id`, `pid`, `actime`) VALUES (13,110,'2013-06-18');
INSERT INTO `solution` (`user_id`, `pid`, `actime`) VALUES (13,111,'2013-06-19');
INSERT INTO `solution` (`user_id`, `pid`, `actime`) VALUES (13,112,'2013-06-19');
INSERT INTO `solution` (`user_id`, `pid`, `actime`) VALUES (13,113,'2013-06-19');
INSERT INTO `solution` (`user_id`, `pid`, `actime`) VALUES (13,114,'2013-06-21');
INSERT INTO `solution` (`user_id`, `pid`, `actime`) VALUES (13,116,'2013-03-23');
INSERT INTO `solution` (`user_id`, `pid`, `actime`) VALUES (13,117,'2013-06-22');
INSERT INTO `solution` (`user_id`, `pid`, `actime`) VALUES (13,118,'2013-06-25');
INSERT INTO `solution` (`user_id`, `pid`, `actime`) VALUES (13,119,'2012-08-08');
INSERT INTO `solution` (`user_id`, `pid`, `actime`) VALUES (13,120,'2012-09-05');
INSERT INTO `solution` (`user_id`, `pid`, `actime`) VALUES (13,121,'2012-07-27');
INSERT INTO `solution` (`user_id`, `pid`, `actime`) VALUES (13,122,'2013-07-10');
INSERT INTO `solution` (`user_id`, `pid`, `actime`) VALUES (13,123,'2013-07-11');
INSERT INTO `solution` (`user_id`, `pid`, `actime`) VALUES (13,124,'2013-07-13');
INSERT INTO `solution` (`user_id`, `pid`, `actime`) VALUES (13,125,'2013-07-14');
INSERT INTO `solution` (`user_id`, `pid`, `actime`) VALUES (13,126,'2013-07-29');
INSERT INTO `solution` (`user_id`, `pid`, `actime`) VALUES (13,127,'2012-08-09');
INSERT INTO `solution` (`user_id`, `pid`, `actime`) VALUES (13,128,'2013-07-29');
INSERT INTO `solution` (`user_id`, `pid`, `actime`) VALUES (13,129,'2013-07-29');
INSERT INTO `solution` (`user_id`, `pid`, `actime`) VALUES (13,130,'2012-09-05');
INSERT INTO `solution` (`user_id`, `pid`, `actime`) VALUES (13,131,'2013-08-15');
INSERT INTO `solution` (`user_id`, `pid`, `actime`) VALUES (13,132,'2012-07-05');
INSERT INTO `solution` (`user_id`, `pid`, `actime`) VALUES (13,133,'2012-07-08');
INSERT INTO `solution` (`user_id`, `pid`, `actime`) VALUES (13,136,'2013-09-02');
INSERT INTO `solution` (`user_id`, `pid`, `actime`) VALUES (13,137,'2013-09-03');
INSERT INTO `solution` (`user_id`, `pid`, `actime`) VALUES (13,138,'2013-09-03');
INSERT INTO `solution` (`user_id`, `pid`, `actime`) VALUES (13,139,'2013-09-11');
INSERT INTO `solution` (`user_id`, `pid`, `actime`) VALUES (13,140,'2013-09-03');
INSERT INTO `solution` (`user_id`, `pid`, `actime`) VALUES (13,141,'2013-08-16');
INSERT INTO `solution` (`user_id`, `pid`, `actime`) VALUES (13,142,'2013-08-26');
INSERT INTO `solution` (`user_id`, `pid`, `actime`) VALUES (13,143,'2013-08-25');
INSERT INTO `solution` (`user_id`, `pid`, `actime`) VALUES (13,144,'2013-08-25');
INSERT INTO `solution` (`user_id`, `pid`, `actime`) VALUES (13,145,'2013-09-17');
INSERT INTO `solution` (`user_id`, `pid`, `actime`) VALUES (13,146,'2013-09-16');
INSERT INTO `solution` (`user_id`, `pid`, `actime`) VALUES (13,147,'2013-09-17');
INSERT INTO `solution` (`user_id`, `pid`, `actime`) VALUES (13,148,'2013-08-16');
INSERT INTO `solution` (`user_id`, `pid`, `actime`) VALUES (13,149,'2013-08-17');
INSERT INTO `solution` (`user_id`, `pid`, `actime`) VALUES (13,150,'2013-08-18');
INSERT INTO `solution` (`user_id`, `pid`, `actime`) VALUES (13,152,'2013-08-24');
INSERT INTO `solution` (`user_id`, `pid`, `actime`) VALUES (13,154,'2013-08-25');
INSERT INTO `solution` (`user_id`, `pid`, `actime`) VALUES (13,155,'2013-09-19');
INSERT INTO `solution` (`user_id`, `pid`, `actime`) VALUES (13,156,'2013-09-19');
INSERT INTO `solution` (`user_id`, `pid`, `actime`) VALUES (13,157,'2013-09-19');
INSERT INTO `solution` (`user_id`, `pid`, `actime`) VALUES (13,158,'2013-09-20');
INSERT INTO `solution` (`user_id`, `pid`, `actime`) VALUES (13,166,'2012-10-09');
INSERT INTO `solution` (`user_id`, `pid`, `actime`) VALUES (13,169,'2013-02-19');
INSERT INTO `solution` (`user_id`, `pid`, `actime`) VALUES (13,172,'2013-03-23');
INSERT INTO `solution` (`user_id`, `pid`, `actime`) VALUES (13,181,'2013-07-13');
INSERT INTO `solution` (`user_id`, `pid`, `actime`) VALUES (13,183,'2013-09-13');
INSERT INTO `solution` (`user_id`, `pid`, `actime`) VALUES (13,184,'2013-07-13');
INSERT INTO `solution` (`user_id`, `pid`, `actime`) VALUES (13,207,'2012-09-03');
INSERT INTO `solution` (`user_id`, `pid`, `actime`) VALUES (13,229,'2012-10-11');
INSERT INTO `solution` (`user_id`, `pid`, `actime`) VALUES (13,230,'2013-09-16');
INSERT INTO `solution` (`user_id`, `pid`, `actime`) VALUES (13,241,'2012-07-31');
INSERT INTO `solution` (`user_id`, `pid`, `actime`) VALUES (13,251,'2013-08-27');
INSERT INTO `solution` (`user_id`, `pid`, `actime`) VALUES (13,255,'2013-08-15');
INSERT INTO `solution` (`user_id`, `pid`, `actime`) VALUES (13,260,'2013-08-17');
INSERT INTO `solution` (`user_id`, `pid`, `actime`) VALUES (14,1,'2012-11-28');
INSERT INTO `solution` (`user_id`, `pid`, `actime`) VALUES (14,2,'2013-08-04');
INSERT INTO `solution` (`user_id`, `pid`, `actime`) VALUES (14,3,'2012-08-18');
INSERT INTO `solution` (`user_id`, `pid`, `actime`) VALUES (14,4,'2012-07-30');
INSERT INTO `solution` (`user_id`, `pid`, `actime`) VALUES (14,5,'2013-08-08');
INSERT INTO `solution` (`user_id`, `pid`, `actime`) VALUES (14,6,'2012-07-17');
INSERT INTO `solution` (`user_id`, `pid`, `actime`) VALUES (14,7,'2013-08-08');
INSERT INTO `solution` (`user_id`, `pid`, `actime`) VALUES (14,8,'2013-08-08');
INSERT INTO `solution` (`user_id`, `pid`, `actime`) VALUES (14,9,'2013-08-08');
INSERT INTO `solution` (`user_id`, `pid`, `actime`) VALUES (14,10,'2013-08-08');
INSERT INTO `solution` (`user_id`, `pid`, `actime`) VALUES (14,11,'2013-08-08');
INSERT INTO `solution` (`user_id`, `pid`, `actime`) VALUES (14,12,'2013-08-08');
INSERT INTO `solution` (`user_id`, `pid`, `actime`) VALUES (14,13,'2013-08-08');
INSERT INTO `solution` (`user_id`, `pid`, `actime`) VALUES (14,14,'2012-08-27');
INSERT INTO `solution` (`user_id`, `pid`, `actime`) VALUES (14,15,'2013-08-19');
INSERT INTO `solution` (`user_id`, `pid`, `actime`) VALUES (14,16,'2013-08-15');
INSERT INTO `solution` (`user_id`, `pid`, `actime`) VALUES (14,17,'2013-08-19');
INSERT INTO `solution` (`user_id`, `pid`, `actime`) VALUES (14,18,'2012-08-06');
INSERT INTO `solution` (`user_id`, `pid`, `actime`) VALUES (14,19,'2013-08-19');
INSERT INTO `solution` (`user_id`, `pid`, `actime`) VALUES (14,20,'2012-11-22');
INSERT INTO `solution` (`user_id`, `pid`, `actime`) VALUES (14,21,'2012-05-25');
INSERT INTO `solution` (`user_id`, `pid`, `actime`) VALUES (14,22,'2013-08-19');
INSERT INTO `solution` (`user_id`, `pid`, `actime`) VALUES (14,23,'2012-12-03');
INSERT INTO `solution` (`user_id`, `pid`, `actime`) VALUES (14,24,'2013-08-19');
INSERT INTO `solution` (`user_id`, `pid`, `actime`) VALUES (14,25,'2013-08-19');
INSERT INTO `solution` (`user_id`, `pid`, `actime`) VALUES (14,26,'2013-08-19');
INSERT INTO `solution` (`user_id`, `pid`, `actime`) VALUES (14,27,'2012-07-24');
INSERT INTO `solution` (`user_id`, `pid`, `actime`) VALUES (14,28,'2012-12-14');
INSERT INTO `solution` (`user_id`, `pid`, `actime`) VALUES (14,29,'2012-07-25');
INSERT INTO `solution` (`user_id`, `pid`, `actime`) VALUES (14,30,'2012-07-25');
INSERT INTO `solution` (`user_id`, `pid`, `actime`) VALUES (14,31,'2013-08-19');
INSERT INTO `solution` (`user_id`, `pid`, `actime`) VALUES (14,32,'2012-07-30');
INSERT INTO `solution` (`user_id`, `pid`, `actime`) VALUES (14,33,'2012-12-07');
INSERT INTO `solution` (`user_id`, `pid`, `actime`) VALUES (14,36,'2012-05-21');
INSERT INTO `solution` (`user_id`, `pid`, `actime`) VALUES (14,37,'2012-05-21');
INSERT INTO `solution` (`user_id`, `pid`, `actime`) VALUES (14,38,'2013-11-08');
INSERT INTO `solution` (`user_id`, `pid`, `actime`) VALUES (14,45,'2013-08-04');
INSERT INTO `solution` (`user_id`, `pid`, `actime`) VALUES (14,46,'2012-08-27');
INSERT INTO `solution` (`user_id`, `pid`, `actime`) VALUES (14,49,'2012-08-13');
INSERT INTO `solution` (`user_id`, `pid`, `actime`) VALUES (14,50,'2012-08-08');
INSERT INTO `solution` (`user_id`, `pid`, `actime`) VALUES (14,52,'2013-08-15');
INSERT INTO `solution` (`user_id`, `pid`, `actime`) VALUES (14,56,'2012-08-27');
INSERT INTO `solution` (`user_id`, `pid`, `actime`) VALUES (14,67,'2012-12-14');
INSERT INTO `solution` (`user_id`, `pid`, `actime`) VALUES (14,73,'2012-08-18');
INSERT INTO `solution` (`user_id`, `pid`, `actime`) VALUES (14,79,'2013-07-29');
INSERT INTO `solution` (`user_id`, `pid`, `actime`) VALUES (14,80,'2013-08-10');
INSERT INTO `solution` (`user_id`, `pid`, `actime`) VALUES (14,81,'2012-07-30');
INSERT INTO `solution` (`user_id`, `pid`, `actime`) VALUES (14,82,'2013-03-25');
INSERT INTO `solution` (`user_id`, `pid`, `actime`) VALUES (14,87,'2012-08-11');
INSERT INTO `solution` (`user_id`, `pid`, `actime`) VALUES (14,93,'2013-08-11');
INSERT INTO `solution` (`user_id`, `pid`, `actime`) VALUES (14,100,'2013-03-04');
INSERT INTO `solution` (`user_id`, `pid`, `actime`) VALUES (14,101,'2013-03-04');
INSERT INTO `solution` (`user_id`, `pid`, `actime`) VALUES (14,102,'2013-03-08');
INSERT INTO `solution` (`user_id`, `pid`, `actime`) VALUES (14,103,'2013-07-29');
INSERT INTO `solution` (`user_id`, `pid`, `actime`) VALUES (14,104,'2013-03-11');
INSERT INTO `solution` (`user_id`, `pid`, `actime`) VALUES (14,105,'2013-07-29');
INSERT INTO `solution` (`user_id`, `pid`, `actime`) VALUES (14,106,'2013-07-29');
INSERT INTO `solution` (`user_id`, `pid`, `actime`) VALUES (14,107,'2013-07-29');
INSERT INTO `solution` (`user_id`, `pid`, `actime`) VALUES (14,108,'2013-07-29');
INSERT INTO `solution` (`user_id`, `pid`, `actime`) VALUES (14,109,'2013-08-16');
INSERT INTO `solution` (`user_id`, `pid`, `actime`) VALUES (14,110,'2013-05-28');
INSERT INTO `solution` (`user_id`, `pid`, `actime`) VALUES (14,111,'2013-07-29');
INSERT INTO `solution` (`user_id`, `pid`, `actime`) VALUES (14,112,'2013-06-01');
INSERT INTO `solution` (`user_id`, `pid`, `actime`) VALUES (14,113,'2012-12-08');
INSERT INTO `solution` (`user_id`, `pid`, `actime`) VALUES (14,116,'2013-07-29');
INSERT INTO `solution` (`user_id`, `pid`, `actime`) VALUES (14,119,'2013-07-30');
INSERT INTO `solution` (`user_id`, `pid`, `actime`) VALUES (14,121,'2013-07-31');
INSERT INTO `solution` (`user_id`, `pid`, `actime`) VALUES (14,128,'2013-08-19');
INSERT INTO `solution` (`user_id`, `pid`, `actime`) VALUES (14,129,'2013-08-19');
INSERT INTO `solution` (`user_id`, `pid`, `actime`) VALUES (14,130,'2013-08-11');
INSERT INTO `solution` (`user_id`, `pid`, `actime`) VALUES (14,131,'2013-08-12');
INSERT INTO `solution` (`user_id`, `pid`, `actime`) VALUES (14,132,'2013-08-16');
INSERT INTO `solution` (`user_id`, `pid`, `actime`) VALUES (14,133,'2013-08-16');
INSERT INTO `solution` (`user_id`, `pid`, `actime`) VALUES (14,135,'2013-08-19');
INSERT INTO `solution` (`user_id`, `pid`, `actime`) VALUES (14,166,'2012-07-30');
INSERT INTO `solution` (`user_id`, `pid`, `actime`) VALUES (14,169,'2012-07-30');
INSERT INTO `solution` (`user_id`, `pid`, `actime`) VALUES (14,172,'2013-07-29');
INSERT INTO `solution` (`user_id`, `pid`, `actime`) VALUES (14,206,'2013-08-20');
INSERT INTO `solution` (`user_id`, `pid`, `actime`) VALUES (14,207,'2012-08-13');
INSERT INTO `solution` (`user_id`, `pid`, `actime`) VALUES (14,208,'2013-04-16');
INSERT INTO `solution` (`user_id`, `pid`, `actime`) VALUES (14,210,'2013-09-09');
INSERT INTO `solution` (`user_id`, `pid`, `actime`) VALUES (14,212,'2013-08-12');
INSERT INTO `solution` (`user_id`, `pid`, `actime`) VALUES (14,213,'2013-08-12');
INSERT INTO `solution` (`user_id`, `pid`, `actime`) VALUES (14,217,'2013-04-15');
INSERT INTO `solution` (`user_id`, `pid`, `actime`) VALUES (14,218,'2013-02-02');
INSERT INTO `solution` (`user_id`, `pid`, `actime`) VALUES (14,219,'2012-10-04');
INSERT INTO `solution` (`user_id`, `pid`, `actime`) VALUES (14,220,'2013-08-21');
INSERT INTO `solution` (`user_id`, `pid`, `actime`) VALUES (14,221,'2013-08-22');
INSERT INTO `solution` (`user_id`, `pid`, `actime`) VALUES (14,222,'2013-09-06');
INSERT INTO `solution` (`user_id`, `pid`, `actime`) VALUES (14,224,'2013-09-03');
INSERT INTO `solution` (`user_id`, `pid`, `actime`) VALUES (14,226,'2013-08-12');
INSERT INTO `solution` (`user_id`, `pid`, `actime`) VALUES (14,229,'2012-10-08');
INSERT INTO `solution` (`user_id`, `pid`, `actime`) VALUES (14,233,'2013-10-06');
INSERT INTO `solution` (`user_id`, `pid`, `actime`) VALUES (14,235,'2013-10-05');
INSERT INTO `solution` (`user_id`, `pid`, `actime`) VALUES (14,241,'2013-08-19');
INSERT INTO `solution` (`user_id`, `pid`, `actime`) VALUES (15,1,'2012-04-03');
INSERT INTO `solution` (`user_id`, `pid`, `actime`) VALUES (15,2,'2012-04-09');
INSERT INTO `solution` (`user_id`, `pid`, `actime`) VALUES (15,3,'2012-04-13');
INSERT INTO `solution` (`user_id`, `pid`, `actime`) VALUES (15,4,'2012-04-12');
INSERT INTO `solution` (`user_id`, `pid`, `actime`) VALUES (15,5,'2012-04-15');
INSERT INTO `solution` (`user_id`, `pid`, `actime`) VALUES (15,8,'2012-10-26');
INSERT INTO `solution` (`user_id`, `pid`, `actime`) VALUES (15,9,'2012-10-29');
INSERT INTO `solution` (`user_id`, `pid`, `actime`) VALUES (15,10,'2012-11-08');
INSERT INTO `solution` (`user_id`, `pid`, `actime`) VALUES (15,11,'2012-11-08');
INSERT INTO `solution` (`user_id`, `pid`, `actime`) VALUES (15,12,'2012-11-25');
INSERT INTO `solution` (`user_id`, `pid`, `actime`) VALUES (15,13,'2012-11-25');
INSERT INTO `solution` (`user_id`, `pid`, `actime`) VALUES (15,14,'2013-01-19');
INSERT INTO `solution` (`user_id`, `pid`, `actime`) VALUES (15,16,'2013-01-21');
INSERT INTO `solution` (`user_id`, `pid`, `actime`) VALUES (15,17,'2012-07-17');
INSERT INTO `solution` (`user_id`, `pid`, `actime`) VALUES (15,18,'2012-07-17');
INSERT INTO `solution` (`user_id`, `pid`, `actime`) VALUES (15,19,'2012-07-18');
INSERT INTO `solution` (`user_id`, `pid`, `actime`) VALUES (15,20,'2012-11-10');
INSERT INTO `solution` (`user_id`, `pid`, `actime`) VALUES (15,21,'2012-08-07');
INSERT INTO `solution` (`user_id`, `pid`, `actime`) VALUES (15,22,'2012-11-13');
INSERT INTO `solution` (`user_id`, `pid`, `actime`) VALUES (15,23,'2012-11-15');
INSERT INTO `solution` (`user_id`, `pid`, `actime`) VALUES (15,24,'2012-11-20');
INSERT INTO `solution` (`user_id`, `pid`, `actime`) VALUES (15,25,'2012-12-06');
INSERT INTO `solution` (`user_id`, `pid`, `actime`) VALUES (15,26,'2012-12-06');
INSERT INTO `solution` (`user_id`, `pid`, `actime`) VALUES (15,27,'2012-12-16');
INSERT INTO `solution` (`user_id`, `pid`, `actime`) VALUES (15,28,'2012-12-16');
INSERT INTO `solution` (`user_id`, `pid`, `actime`) VALUES (15,29,'2012-12-16');
INSERT INTO `solution` (`user_id`, `pid`, `actime`) VALUES (15,30,'2012-12-16');
INSERT INTO `solution` (`user_id`, `pid`, `actime`) VALUES (15,31,'2012-12-16');
INSERT INTO `solution` (`user_id`, `pid`, `actime`) VALUES (15,32,'2013-01-18');
INSERT INTO `solution` (`user_id`, `pid`, `actime`) VALUES (15,33,'2013-01-18');
INSERT INTO `solution` (`user_id`, `pid`, `actime`) VALUES (15,34,'2012-04-18');
INSERT INTO `solution` (`user_id`, `pid`, `actime`) VALUES (15,35,'2012-04-19');
INSERT INTO `solution` (`user_id`, `pid`, `actime`) VALUES (15,37,'2013-01-18');
INSERT INTO `solution` (`user_id`, `pid`, `actime`) VALUES (15,38,'2013-01-18');
INSERT INTO `solution` (`user_id`, `pid`, `actime`) VALUES (15,39,'2012-08-03');
INSERT INTO `solution` (`user_id`, `pid`, `actime`) VALUES (15,40,'2013-01-18');
INSERT INTO `solution` (`user_id`, `pid`, `actime`) VALUES (15,42,'2013-05-11');
INSERT INTO `solution` (`user_id`, `pid`, `actime`) VALUES (15,46,'2013-01-23');
INSERT INTO `solution` (`user_id`, `pid`, `actime`) VALUES (15,49,'2013-01-19');
INSERT INTO `solution` (`user_id`, `pid`, `actime`) VALUES (15,51,'2013-01-19');
INSERT INTO `solution` (`user_id`, `pid`, `actime`) VALUES (15,52,'2013-01-21');
INSERT INTO `solution` (`user_id`, `pid`, `actime`) VALUES (15,53,'2013-01-24');
INSERT INTO `solution` (`user_id`, `pid`, `actime`) VALUES (15,54,'2013-01-24');
INSERT INTO `solution` (`user_id`, `pid`, `actime`) VALUES (15,55,'2012-07-31');
INSERT INTO `solution` (`user_id`, `pid`, `actime`) VALUES (15,56,'2013-01-19');
INSERT INTO `solution` (`user_id`, `pid`, `actime`) VALUES (15,57,'2013-01-19');
INSERT INTO `solution` (`user_id`, `pid`, `actime`) VALUES (15,58,'2013-01-24');
INSERT INTO `solution` (`user_id`, `pid`, `actime`) VALUES (15,59,'2013-01-24');
INSERT INTO `solution` (`user_id`, `pid`, `actime`) VALUES (15,61,'2013-01-27');
INSERT INTO `solution` (`user_id`, `pid`, `actime`) VALUES (15,62,'2013-01-22');
INSERT INTO `solution` (`user_id`, `pid`, `actime`) VALUES (15,63,'2013-01-22');
INSERT INTO `solution` (`user_id`, `pid`, `actime`) VALUES (15,64,'2013-01-25');
INSERT INTO `solution` (`user_id`, `pid`, `actime`) VALUES (15,65,'2012-08-10');
INSERT INTO `solution` (`user_id`, `pid`, `actime`) VALUES (15,66,'2013-01-26');
INSERT INTO `solution` (`user_id`, `pid`, `actime`) VALUES (15,67,'2012-12-16');
INSERT INTO `solution` (`user_id`, `pid`, `actime`) VALUES (15,68,'2013-01-25');
INSERT INTO `solution` (`user_id`, `pid`, `actime`) VALUES (15,69,'2013-01-25');
INSERT INTO `solution` (`user_id`, `pid`, `actime`) VALUES (15,70,'2013-01-26');
INSERT INTO `solution` (`user_id`, `pid`, `actime`) VALUES (15,71,'2013-01-26');
INSERT INTO `solution` (`user_id`, `pid`, `actime`) VALUES (15,72,'2013-01-22');
INSERT INTO `solution` (`user_id`, `pid`, `actime`) VALUES (15,73,'2013-01-26');
INSERT INTO `solution` (`user_id`, `pid`, `actime`) VALUES (15,74,'2012-10-24');
INSERT INTO `solution` (`user_id`, `pid`, `actime`) VALUES (15,77,'2012-07-31');
INSERT INTO `solution` (`user_id`, `pid`, `actime`) VALUES (15,78,'2013-02-19');
INSERT INTO `solution` (`user_id`, `pid`, `actime`) VALUES (15,79,'2013-02-19');
INSERT INTO `solution` (`user_id`, `pid`, `actime`) VALUES (15,80,'2013-02-19');
INSERT INTO `solution` (`user_id`, `pid`, `actime`) VALUES (15,82,'2013-02-21');
INSERT INTO `solution` (`user_id`, `pid`, `actime`) VALUES (15,83,'2013-02-21');
INSERT INTO `solution` (`user_id`, `pid`, `actime`) VALUES (15,84,'2013-02-23');
INSERT INTO `solution` (`user_id`, `pid`, `actime`) VALUES (15,85,'2013-02-25');
INSERT INTO `solution` (`user_id`, `pid`, `actime`) VALUES (15,86,'2013-02-27');
INSERT INTO `solution` (`user_id`, `pid`, `actime`) VALUES (15,87,'2013-02-27');
INSERT INTO `solution` (`user_id`, `pid`, `actime`) VALUES (15,88,'2013-03-09');
INSERT INTO `solution` (`user_id`, `pid`, `actime`) VALUES (15,89,'2013-03-09');
INSERT INTO `solution` (`user_id`, `pid`, `actime`) VALUES (15,91,'2012-08-16');
INSERT INTO `solution` (`user_id`, `pid`, `actime`) VALUES (15,92,'2013-03-01');
INSERT INTO `solution` (`user_id`, `pid`, `actime`) VALUES (15,93,'2013-03-01');
INSERT INTO `solution` (`user_id`, `pid`, `actime`) VALUES (15,95,'2013-03-06');
INSERT INTO `solution` (`user_id`, `pid`, `actime`) VALUES (15,100,'2013-03-10');
INSERT INTO `solution` (`user_id`, `pid`, `actime`) VALUES (15,101,'2013-03-11');
INSERT INTO `solution` (`user_id`, `pid`, `actime`) VALUES (15,102,'2013-03-11');
INSERT INTO `solution` (`user_id`, `pid`, `actime`) VALUES (15,103,'2013-03-12');
INSERT INTO `solution` (`user_id`, `pid`, `actime`) VALUES (15,104,'2013-03-12');
INSERT INTO `solution` (`user_id`, `pid`, `actime`) VALUES (15,105,'2013-06-18');
INSERT INTO `solution` (`user_id`, `pid`, `actime`) VALUES (15,106,'2013-06-23');
INSERT INTO `solution` (`user_id`, `pid`, `actime`) VALUES (15,108,'2013-08-06');
INSERT INTO `solution` (`user_id`, `pid`, `actime`) VALUES (15,110,'2013-08-09');
INSERT INTO `solution` (`user_id`, `pid`, `actime`) VALUES (15,113,'2013-08-09');
INSERT INTO `solution` (`user_id`, `pid`, `actime`) VALUES (15,114,'2013-09-07');
INSERT INTO `solution` (`user_id`, `pid`, `actime`) VALUES (15,116,'2013-06-23');
INSERT INTO `solution` (`user_id`, `pid`, `actime`) VALUES (15,119,'2013-09-06');
INSERT INTO `solution` (`user_id`, `pid`, `actime`) VALUES (15,120,'2013-09-06');
INSERT INTO `solution` (`user_id`, `pid`, `actime`) VALUES (15,121,'2013-09-07');
INSERT INTO `solution` (`user_id`, `pid`, `actime`) VALUES (15,122,'2013-09-10');
INSERT INTO `solution` (`user_id`, `pid`, `actime`) VALUES (15,123,'2013-09-10');
INSERT INTO `solution` (`user_id`, `pid`, `actime`) VALUES (15,137,'2013-09-10');
INSERT INTO `solution` (`user_id`, `pid`, `actime`) VALUES (15,138,'2013-09-11');
INSERT INTO `solution` (`user_id`, `pid`, `actime`) VALUES (15,139,'2013-09-12');
INSERT INTO `solution` (`user_id`, `pid`, `actime`) VALUES (15,140,'2013-09-12');
INSERT INTO `solution` (`user_id`, `pid`, `actime`) VALUES (15,141,'2013-05-11');
INSERT INTO `solution` (`user_id`, `pid`, `actime`) VALUES (15,142,'2013-06-27');
INSERT INTO `solution` (`user_id`, `pid`, `actime`) VALUES (15,143,'2013-05-15');
INSERT INTO `solution` (`user_id`, `pid`, `actime`) VALUES (15,144,'2013-06-27');
INSERT INTO `solution` (`user_id`, `pid`, `actime`) VALUES (15,145,'2013-07-23');
INSERT INTO `solution` (`user_id`, `pid`, `actime`) VALUES (15,146,'2013-07-23');
INSERT INTO `solution` (`user_id`, `pid`, `actime`) VALUES (15,148,'2013-09-18');
INSERT INTO `solution` (`user_id`, `pid`, `actime`) VALUES (15,149,'2013-09-19');
INSERT INTO `solution` (`user_id`, `pid`, `actime`) VALUES (15,150,'2013-05-20');
INSERT INTO `solution` (`user_id`, `pid`, `actime`) VALUES (15,151,'2013-09-19');
INSERT INTO `solution` (`user_id`, `pid`, `actime`) VALUES (15,166,'2012-07-30');
INSERT INTO `solution` (`user_id`, `pid`, `actime`) VALUES (15,182,'2013-09-04');
INSERT INTO `solution` (`user_id`, `pid`, `actime`) VALUES (15,207,'2013-01-19');
INSERT INTO `solution` (`user_id`, `pid`, `actime`) VALUES (15,260,'2013-09-19');
INSERT INTO `solution` (`user_id`, `pid`, `actime`) VALUES (16,1,'2012-11-14');
INSERT INTO `solution` (`user_id`, `pid`, `actime`) VALUES (16,2,'2012-11-14');
INSERT INTO `solution` (`user_id`, `pid`, `actime`) VALUES (16,3,'2012-11-15');
INSERT INTO `solution` (`user_id`, `pid`, `actime`) VALUES (16,4,'2012-11-26');
INSERT INTO `solution` (`user_id`, `pid`, `actime`) VALUES (16,5,'2012-11-27');
INSERT INTO `solution` (`user_id`, `pid`, `actime`) VALUES (16,7,'2012-11-26');
INSERT INTO `solution` (`user_id`, `pid`, `actime`) VALUES (16,14,'2013-01-19');
INSERT INTO `solution` (`user_id`, `pid`, `actime`) VALUES (16,15,'2012-12-03');
INSERT INTO `solution` (`user_id`, `pid`, `actime`) VALUES (16,16,'2012-12-01');
INSERT INTO `solution` (`user_id`, `pid`, `actime`) VALUES (16,17,'2012-11-27');
INSERT INTO `solution` (`user_id`, `pid`, `actime`) VALUES (16,18,'2012-08-09');
INSERT INTO `solution` (`user_id`, `pid`, `actime`) VALUES (16,19,'2012-11-29');
INSERT INTO `solution` (`user_id`, `pid`, `actime`) VALUES (16,21,'2012-08-11');
INSERT INTO `solution` (`user_id`, `pid`, `actime`) VALUES (16,22,'2012-11-28');
INSERT INTO `solution` (`user_id`, `pid`, `actime`) VALUES (16,26,'2012-12-13');
INSERT INTO `solution` (`user_id`, `pid`, `actime`) VALUES (16,27,'2012-12-05');
INSERT INTO `solution` (`user_id`, `pid`, `actime`) VALUES (16,28,'2012-12-06');
INSERT INTO `solution` (`user_id`, `pid`, `actime`) VALUES (16,29,'2012-12-06');
INSERT INTO `solution` (`user_id`, `pid`, `actime`) VALUES (16,30,'2012-12-08');
INSERT INTO `solution` (`user_id`, `pid`, `actime`) VALUES (16,31,'2012-12-10');
INSERT INTO `solution` (`user_id`, `pid`, `actime`) VALUES (16,33,'2012-12-12');
INSERT INTO `solution` (`user_id`, `pid`, `actime`) VALUES (16,34,'2012-11-18');
INSERT INTO `solution` (`user_id`, `pid`, `actime`) VALUES (16,38,'2012-12-19');
INSERT INTO `solution` (`user_id`, `pid`, `actime`) VALUES (16,39,'2012-08-03');
INSERT INTO `solution` (`user_id`, `pid`, `actime`) VALUES (16,40,'2012-12-22');
INSERT INTO `solution` (`user_id`, `pid`, `actime`) VALUES (16,41,'2013-01-19');
INSERT INTO `solution` (`user_id`, `pid`, `actime`) VALUES (16,42,'2013-01-23');
INSERT INTO `solution` (`user_id`, `pid`, `actime`) VALUES (16,43,'2013-01-18');
INSERT INTO `solution` (`user_id`, `pid`, `actime`) VALUES (16,44,'2013-01-20');
INSERT INTO `solution` (`user_id`, `pid`, `actime`) VALUES (16,46,'2013-01-08');
INSERT INTO `solution` (`user_id`, `pid`, `actime`) VALUES (16,47,'2013-01-21');
INSERT INTO `solution` (`user_id`, `pid`, `actime`) VALUES (16,48,'2013-01-22');
INSERT INTO `solution` (`user_id`, `pid`, `actime`) VALUES (16,49,'2013-01-11');
INSERT INTO `solution` (`user_id`, `pid`, `actime`) VALUES (16,50,'2013-01-16');
INSERT INTO `solution` (`user_id`, `pid`, `actime`) VALUES (16,51,'2013-01-21');
INSERT INTO `solution` (`user_id`, `pid`, `actime`) VALUES (16,52,'2012-12-01');
INSERT INTO `solution` (`user_id`, `pid`, `actime`) VALUES (16,53,'2013-01-22');
INSERT INTO `solution` (`user_id`, `pid`, `actime`) VALUES (16,54,'2013-01-20');
INSERT INTO `solution` (`user_id`, `pid`, `actime`) VALUES (16,55,'2013-01-21');
INSERT INTO `solution` (`user_id`, `pid`, `actime`) VALUES (16,56,'2013-01-19');
INSERT INTO `solution` (`user_id`, `pid`, `actime`) VALUES (16,57,'2013-01-21');
INSERT INTO `solution` (`user_id`, `pid`, `actime`) VALUES (16,58,'2013-01-18');
INSERT INTO `solution` (`user_id`, `pid`, `actime`) VALUES (16,59,'2013-01-22');
INSERT INTO `solution` (`user_id`, `pid`, `actime`) VALUES (16,60,'2013-01-19');
INSERT INTO `solution` (`user_id`, `pid`, `actime`) VALUES (16,61,'2013-01-23');
INSERT INTO `solution` (`user_id`, `pid`, `actime`) VALUES (16,62,'2013-01-24');
INSERT INTO `solution` (`user_id`, `pid`, `actime`) VALUES (16,63,'2013-01-24');
INSERT INTO `solution` (`user_id`, `pid`, `actime`) VALUES (16,64,'2013-01-30');
INSERT INTO `solution` (`user_id`, `pid`, `actime`) VALUES (16,66,'2013-01-30');
INSERT INTO `solution` (`user_id`, `pid`, `actime`) VALUES (16,67,'2012-12-06');
INSERT INTO `solution` (`user_id`, `pid`, `actime`) VALUES (16,68,'2013-01-25');
INSERT INTO `solution` (`user_id`, `pid`, `actime`) VALUES (16,72,'2013-01-27');
INSERT INTO `solution` (`user_id`, `pid`, `actime`) VALUES (16,73,'2012-08-21');
INSERT INTO `solution` (`user_id`, `pid`, `actime`) VALUES (16,74,'2013-01-26');
INSERT INTO `solution` (`user_id`, `pid`, `actime`) VALUES (16,75,'2013-01-25');
INSERT INTO `solution` (`user_id`, `pid`, `actime`) VALUES (16,77,'2012-07-31');
INSERT INTO `solution` (`user_id`, `pid`, `actime`) VALUES (16,78,'2013-02-19');
INSERT INTO `solution` (`user_id`, `pid`, `actime`) VALUES (16,79,'2013-02-19');
INSERT INTO `solution` (`user_id`, `pid`, `actime`) VALUES (16,80,'2013-02-20');
INSERT INTO `solution` (`user_id`, `pid`, `actime`) VALUES (16,81,'2012-07-31');
INSERT INTO `solution` (`user_id`, `pid`, `actime`) VALUES (16,82,'2013-02-21');
INSERT INTO `solution` (`user_id`, `pid`, `actime`) VALUES (16,83,'2013-02-21');
INSERT INTO `solution` (`user_id`, `pid`, `actime`) VALUES (16,84,'2013-02-22');
INSERT INTO `solution` (`user_id`, `pid`, `actime`) VALUES (16,85,'2013-02-22');
INSERT INTO `solution` (`user_id`, `pid`, `actime`) VALUES (16,86,'2013-02-24');
INSERT INTO `solution` (`user_id`, `pid`, `actime`) VALUES (16,87,'2012-08-11');
INSERT INTO `solution` (`user_id`, `pid`, `actime`) VALUES (16,88,'2013-02-27');
INSERT INTO `solution` (`user_id`, `pid`, `actime`) VALUES (16,89,'2013-02-28');
INSERT INTO `solution` (`user_id`, `pid`, `actime`) VALUES (16,90,'2013-02-27');
INSERT INTO `solution` (`user_id`, `pid`, `actime`) VALUES (16,91,'2012-08-16');
INSERT INTO `solution` (`user_id`, `pid`, `actime`) VALUES (16,92,'2012-08-16');
INSERT INTO `solution` (`user_id`, `pid`, `actime`) VALUES (16,93,'2013-02-25');
INSERT INTO `solution` (`user_id`, `pid`, `actime`) VALUES (16,94,'2013-02-25');
INSERT INTO `solution` (`user_id`, `pid`, `actime`) VALUES (16,101,'2013-03-20');
INSERT INTO `solution` (`user_id`, `pid`, `actime`) VALUES (16,103,'2013-04-09');
INSERT INTO `solution` (`user_id`, `pid`, `actime`) VALUES (16,106,'2013-05-31');
INSERT INTO `solution` (`user_id`, `pid`, `actime`) VALUES (16,107,'2013-04-22');
INSERT INTO `solution` (`user_id`, `pid`, `actime`) VALUES (16,108,'2013-05-22');
INSERT INTO `solution` (`user_id`, `pid`, `actime`) VALUES (16,109,'2013-05-26');
INSERT INTO `solution` (`user_id`, `pid`, `actime`) VALUES (16,110,'2013-05-27');
INSERT INTO `solution` (`user_id`, `pid`, `actime`) VALUES (16,111,'2013-05-28');
INSERT INTO `solution` (`user_id`, `pid`, `actime`) VALUES (16,112,'2013-05-29');
INSERT INTO `solution` (`user_id`, `pid`, `actime`) VALUES (16,113,'2013-05-18');
INSERT INTO `solution` (`user_id`, `pid`, `actime`) VALUES (16,114,'2013-05-29');
INSERT INTO `solution` (`user_id`, `pid`, `actime`) VALUES (16,116,'2013-05-31');
INSERT INTO `solution` (`user_id`, `pid`, `actime`) VALUES (16,117,'2013-06-02');
INSERT INTO `solution` (`user_id`, `pid`, `actime`) VALUES (16,118,'2013-06-04');
INSERT INTO `solution` (`user_id`, `pid`, `actime`) VALUES (16,119,'2013-04-25');
INSERT INTO `solution` (`user_id`, `pid`, `actime`) VALUES (16,120,'2013-09-04');
INSERT INTO `solution` (`user_id`, `pid`, `actime`) VALUES (16,121,'2013-08-27');
INSERT INTO `solution` (`user_id`, `pid`, `actime`) VALUES (16,122,'2013-08-28');
INSERT INTO `solution` (`user_id`, `pid`, `actime`) VALUES (16,123,'2013-08-31');
INSERT INTO `solution` (`user_id`, `pid`, `actime`) VALUES (16,125,'2013-09-05');
INSERT INTO `solution` (`user_id`, `pid`, `actime`) VALUES (16,126,'2013-09-06');
INSERT INTO `solution` (`user_id`, `pid`, `actime`) VALUES (16,127,'2012-08-15');
INSERT INTO `solution` (`user_id`, `pid`, `actime`) VALUES (16,128,'2013-06-04');
INSERT INTO `solution` (`user_id`, `pid`, `actime`) VALUES (16,129,'2013-06-05');
INSERT INTO `solution` (`user_id`, `pid`, `actime`) VALUES (16,130,'2013-06-24');
INSERT INTO `solution` (`user_id`, `pid`, `actime`) VALUES (16,131,'2013-06-25');
INSERT INTO `solution` (`user_id`, `pid`, `actime`) VALUES (16,132,'2013-06-17');
INSERT INTO `solution` (`user_id`, `pid`, `actime`) VALUES (16,133,'2013-06-23');
INSERT INTO `solution` (`user_id`, `pid`, `actime`) VALUES (16,134,'2013-05-08');
INSERT INTO `solution` (`user_id`, `pid`, `actime`) VALUES (16,135,'2013-05-09');
INSERT INTO `solution` (`user_id`, `pid`, `actime`) VALUES (16,136,'2013-07-18');
INSERT INTO `solution` (`user_id`, `pid`, `actime`) VALUES (16,137,'2013-07-20');
INSERT INTO `solution` (`user_id`, `pid`, `actime`) VALUES (16,138,'2013-07-23');
INSERT INTO `solution` (`user_id`, `pid`, `actime`) VALUES (16,139,'2013-07-29');
INSERT INTO `solution` (`user_id`, `pid`, `actime`) VALUES (16,141,'2013-08-02');
INSERT INTO `solution` (`user_id`, `pid`, `actime`) VALUES (16,142,'2013-08-11');
INSERT INTO `solution` (`user_id`, `pid`, `actime`) VALUES (16,143,'2013-08-02');
INSERT INTO `solution` (`user_id`, `pid`, `actime`) VALUES (16,144,'2013-08-10');
INSERT INTO `solution` (`user_id`, `pid`, `actime`) VALUES (16,145,'2013-08-03');
INSERT INTO `solution` (`user_id`, `pid`, `actime`) VALUES (16,146,'2013-08-06');
INSERT INTO `solution` (`user_id`, `pid`, `actime`) VALUES (16,147,'2013-08-10');
INSERT INTO `solution` (`user_id`, `pid`, `actime`) VALUES (16,148,'2013-08-12');
INSERT INTO `solution` (`user_id`, `pid`, `actime`) VALUES (16,149,'2013-08-12');
INSERT INTO `solution` (`user_id`, `pid`, `actime`) VALUES (16,150,'2013-08-19');
INSERT INTO `solution` (`user_id`, `pid`, `actime`) VALUES (16,152,'2013-08-19');
INSERT INTO `solution` (`user_id`, `pid`, `actime`) VALUES (16,155,'2013-10-18');
INSERT INTO `solution` (`user_id`, `pid`, `actime`) VALUES (16,156,'2013-10-18');
INSERT INTO `solution` (`user_id`, `pid`, `actime`) VALUES (16,157,'2013-10-22');
INSERT INTO `solution` (`user_id`, `pid`, `actime`) VALUES (16,158,'2013-10-22');
INSERT INTO `solution` (`user_id`, `pid`, `actime`) VALUES (16,159,'2013-10-26');
INSERT INTO `solution` (`user_id`, `pid`, `actime`) VALUES (16,162,'2013-10-27');
INSERT INTO `solution` (`user_id`, `pid`, `actime`) VALUES (16,164,'2013-11-07');
INSERT INTO `solution` (`user_id`, `pid`, `actime`) VALUES (16,166,'2012-07-31');
INSERT INTO `solution` (`user_id`, `pid`, `actime`) VALUES (16,169,'2012-07-31');
INSERT INTO `solution` (`user_id`, `pid`, `actime`) VALUES (16,172,'2013-04-22');
INSERT INTO `solution` (`user_id`, `pid`, `actime`) VALUES (16,207,'2013-01-11');
INSERT INTO `solution` (`user_id`, `pid`, `actime`) VALUES (16,241,'2012-12-03');
INSERT INTO `solution` (`user_id`, `pid`, `actime`) VALUES (16,260,'2013-08-12');
INSERT INTO `solution` (`user_id`, `pid`, `actime`) VALUES (17,1,'2011-10-24');
INSERT INTO `solution` (`user_id`, `pid`, `actime`) VALUES (17,2,'2012-02-23');
INSERT INTO `solution` (`user_id`, `pid`, `actime`) VALUES (17,3,'2012-02-23');
INSERT INTO `solution` (`user_id`, `pid`, `actime`) VALUES (17,4,'2012-02-24');
INSERT INTO `solution` (`user_id`, `pid`, `actime`) VALUES (17,5,'2012-02-24');
INSERT INTO `solution` (`user_id`, `pid`, `actime`) VALUES (17,6,'2012-02-24');
INSERT INTO `solution` (`user_id`, `pid`, `actime`) VALUES (17,7,'2012-02-25');
INSERT INTO `solution` (`user_id`, `pid`, `actime`) VALUES (17,8,'2012-02-25');
INSERT INTO `solution` (`user_id`, `pid`, `actime`) VALUES (17,9,'2012-02-25');
INSERT INTO `solution` (`user_id`, `pid`, `actime`) VALUES (17,10,'2012-02-25');
INSERT INTO `solution` (`user_id`, `pid`, `actime`) VALUES (17,11,'2012-02-26');
INSERT INTO `solution` (`user_id`, `pid`, `actime`) VALUES (17,12,'2012-02-28');
INSERT INTO `solution` (`user_id`, `pid`, `actime`) VALUES (17,13,'2012-02-26');
INSERT INTO `solution` (`user_id`, `pid`, `actime`) VALUES (17,14,'2012-02-29');
INSERT INTO `solution` (`user_id`, `pid`, `actime`) VALUES (17,15,'2012-03-01');
INSERT INTO `solution` (`user_id`, `pid`, `actime`) VALUES (17,16,'2012-03-02');
INSERT INTO `solution` (`user_id`, `pid`, `actime`) VALUES (17,17,'2012-03-03');
INSERT INTO `solution` (`user_id`, `pid`, `actime`) VALUES (17,18,'2012-03-04');
INSERT INTO `solution` (`user_id`, `pid`, `actime`) VALUES (17,19,'2012-03-07');
INSERT INTO `solution` (`user_id`, `pid`, `actime`) VALUES (17,20,'2012-03-08');
INSERT INTO `solution` (`user_id`, `pid`, `actime`) VALUES (17,21,'2012-03-08');
INSERT INTO `solution` (`user_id`, `pid`, `actime`) VALUES (17,22,'2012-03-09');
INSERT INTO `solution` (`user_id`, `pid`, `actime`) VALUES (17,23,'2011-07-28');
INSERT INTO `solution` (`user_id`, `pid`, `actime`) VALUES (17,24,'2011-07-28');
INSERT INTO `solution` (`user_id`, `pid`, `actime`) VALUES (17,25,'2012-03-09');
INSERT INTO `solution` (`user_id`, `pid`, `actime`) VALUES (17,26,'2012-03-10');
INSERT INTO `solution` (`user_id`, `pid`, `actime`) VALUES (17,27,'2012-03-11');
INSERT INTO `solution` (`user_id`, `pid`, `actime`) VALUES (17,28,'2011-10-09');
INSERT INTO `solution` (`user_id`, `pid`, `actime`) VALUES (17,29,'2012-03-14');
INSERT INTO `solution` (`user_id`, `pid`, `actime`) VALUES (17,30,'2012-03-14');
INSERT INTO `solution` (`user_id`, `pid`, `actime`) VALUES (17,31,'2012-03-15');
INSERT INTO `solution` (`user_id`, `pid`, `actime`) VALUES (17,32,'2012-03-17');
INSERT INTO `solution` (`user_id`, `pid`, `actime`) VALUES (17,33,'2012-03-19');
INSERT INTO `solution` (`user_id`, `pid`, `actime`) VALUES (17,34,'2012-03-21');
INSERT INTO `solution` (`user_id`, `pid`, `actime`) VALUES (17,35,'2012-03-22');
INSERT INTO `solution` (`user_id`, `pid`, `actime`) VALUES (17,36,'2012-03-23');
INSERT INTO `solution` (`user_id`, `pid`, `actime`) VALUES (17,37,'2012-03-23');
INSERT INTO `solution` (`user_id`, `pid`, `actime`) VALUES (17,38,'2012-03-23');
INSERT INTO `solution` (`user_id`, `pid`, `actime`) VALUES (17,39,'2012-03-23');
INSERT INTO `solution` (`user_id`, `pid`, `actime`) VALUES (17,40,'2011-07-23');
INSERT INTO `solution` (`user_id`, `pid`, `actime`) VALUES (17,41,'2012-03-27');
INSERT INTO `solution` (`user_id`, `pid`, `actime`) VALUES (17,42,'2012-03-29');
INSERT INTO `solution` (`user_id`, `pid`, `actime`) VALUES (17,43,'2012-03-29');
INSERT INTO `solution` (`user_id`, `pid`, `actime`) VALUES (17,44,'2012-03-30');
INSERT INTO `solution` (`user_id`, `pid`, `actime`) VALUES (17,45,'2012-03-31');
INSERT INTO `solution` (`user_id`, `pid`, `actime`) VALUES (17,46,'2012-03-31');
INSERT INTO `solution` (`user_id`, `pid`, `actime`) VALUES (17,47,'2012-04-01');
INSERT INTO `solution` (`user_id`, `pid`, `actime`) VALUES (17,48,'2012-04-02');
INSERT INTO `solution` (`user_id`, `pid`, `actime`) VALUES (17,49,'2012-04-02');
INSERT INTO `solution` (`user_id`, `pid`, `actime`) VALUES (17,50,'2012-04-06');
INSERT INTO `solution` (`user_id`, `pid`, `actime`) VALUES (17,51,'2012-04-07');
INSERT INTO `solution` (`user_id`, `pid`, `actime`) VALUES (17,52,'2012-03-02');
INSERT INTO `solution` (`user_id`, `pid`, `actime`) VALUES (17,53,'2012-04-12');
INSERT INTO `solution` (`user_id`, `pid`, `actime`) VALUES (17,54,'2012-04-13');
INSERT INTO `solution` (`user_id`, `pid`, `actime`) VALUES (17,55,'2012-04-13');
INSERT INTO `solution` (`user_id`, `pid`, `actime`) VALUES (17,56,'2012-02-29');
INSERT INTO `solution` (`user_id`, `pid`, `actime`) VALUES (17,57,'2012-04-17');
INSERT INTO `solution` (`user_id`, `pid`, `actime`) VALUES (17,58,'2012-04-18');
INSERT INTO `solution` (`user_id`, `pid`, `actime`) VALUES (17,59,'2012-04-19');
INSERT INTO `solution` (`user_id`, `pid`, `actime`) VALUES (17,61,'2012-04-19');
INSERT INTO `solution` (`user_id`, `pid`, `actime`) VALUES (17,63,'2011-10-19');
INSERT INTO `solution` (`user_id`, `pid`, `actime`) VALUES (17,64,'2011-10-20');
INSERT INTO `solution` (`user_id`, `pid`, `actime`) VALUES (17,65,'2012-04-20');
INSERT INTO `solution` (`user_id`, `pid`, `actime`) VALUES (17,66,'2012-04-26');
INSERT INTO `solution` (`user_id`, `pid`, `actime`) VALUES (17,67,'2011-10-09');
INSERT INTO `solution` (`user_id`, `pid`, `actime`) VALUES (17,68,'2012-04-29');
INSERT INTO `solution` (`user_id`, `pid`, `actime`) VALUES (17,69,'2012-04-29');
INSERT INTO `solution` (`user_id`, `pid`, `actime`) VALUES (17,70,'2012-04-29');
INSERT INTO `solution` (`user_id`, `pid`, `actime`) VALUES (17,71,'2011-08-03');
INSERT INTO `solution` (`user_id`, `pid`, `actime`) VALUES (17,72,'2012-04-30');
INSERT INTO `solution` (`user_id`, `pid`, `actime`) VALUES (17,73,'2012-04-30');
INSERT INTO `solution` (`user_id`, `pid`, `actime`) VALUES (17,74,'2012-05-03');
INSERT INTO `solution` (`user_id`, `pid`, `actime`) VALUES (17,75,'2012-05-01');
INSERT INTO `solution` (`user_id`, `pid`, `actime`) VALUES (17,76,'2012-05-03');
INSERT INTO `solution` (`user_id`, `pid`, `actime`) VALUES (17,77,'2012-05-03');
INSERT INTO `solution` (`user_id`, `pid`, `actime`) VALUES (17,78,'2012-05-04');
INSERT INTO `solution` (`user_id`, `pid`, `actime`) VALUES (17,79,'2012-05-04');
INSERT INTO `solution` (`user_id`, `pid`, `actime`) VALUES (17,80,'2012-05-05');
INSERT INTO `solution` (`user_id`, `pid`, `actime`) VALUES (17,81,'2012-05-06');
INSERT INTO `solution` (`user_id`, `pid`, `actime`) VALUES (17,82,'2012-05-19');
INSERT INTO `solution` (`user_id`, `pid`, `actime`) VALUES (17,83,'2012-05-19');
INSERT INTO `solution` (`user_id`, `pid`, `actime`) VALUES (17,84,'2012-05-20');
INSERT INTO `solution` (`user_id`, `pid`, `actime`) VALUES (17,85,'2012-05-20');
INSERT INTO `solution` (`user_id`, `pid`, `actime`) VALUES (17,86,'2012-05-21');
INSERT INTO `solution` (`user_id`, `pid`, `actime`) VALUES (17,87,'2012-05-24');
INSERT INTO `solution` (`user_id`, `pid`, `actime`) VALUES (17,88,'2012-05-22');
INSERT INTO `solution` (`user_id`, `pid`, `actime`) VALUES (17,89,'2012-05-25');
INSERT INTO `solution` (`user_id`, `pid`, `actime`) VALUES (17,90,'2012-05-28');
INSERT INTO `solution` (`user_id`, `pid`, `actime`) VALUES (17,91,'2012-06-08');
INSERT INTO `solution` (`user_id`, `pid`, `actime`) VALUES (17,92,'2012-06-08');
INSERT INTO `solution` (`user_id`, `pid`, `actime`) VALUES (17,100,'2012-06-09');
INSERT INTO `solution` (`user_id`, `pid`, `actime`) VALUES (17,101,'2012-06-23');
INSERT INTO `solution` (`user_id`, `pid`, `actime`) VALUES (17,102,'2012-06-23');
INSERT INTO `solution` (`user_id`, `pid`, `actime`) VALUES (17,103,'2012-06-24');
INSERT INTO `solution` (`user_id`, `pid`, `actime`) VALUES (17,104,'2012-06-10');
INSERT INTO `solution` (`user_id`, `pid`, `actime`) VALUES (17,105,'2012-06-25');
INSERT INTO `solution` (`user_id`, `pid`, `actime`) VALUES (17,106,'2012-06-28');
INSERT INTO `solution` (`user_id`, `pid`, `actime`) VALUES (17,107,'2012-06-28');
INSERT INTO `solution` (`user_id`, `pid`, `actime`) VALUES (17,109,'2012-02-15');
INSERT INTO `solution` (`user_id`, `pid`, `actime`) VALUES (17,110,'2012-02-14');
INSERT INTO `solution` (`user_id`, `pid`, `actime`) VALUES (17,111,'2012-06-30');
INSERT INTO `solution` (`user_id`, `pid`, `actime`) VALUES (17,112,'2012-06-30');
INSERT INTO `solution` (`user_id`, `pid`, `actime`) VALUES (17,113,'2012-02-15');
INSERT INTO `solution` (`user_id`, `pid`, `actime`) VALUES (17,114,'2012-07-21');
INSERT INTO `solution` (`user_id`, `pid`, `actime`) VALUES (17,115,'2013-01-24');
INSERT INTO `solution` (`user_id`, `pid`, `actime`) VALUES (17,116,'2012-06-28');
INSERT INTO `solution` (`user_id`, `pid`, `actime`) VALUES (17,117,'2012-07-22');
INSERT INTO `solution` (`user_id`, `pid`, `actime`) VALUES (17,118,'2012-07-22');
INSERT INTO `solution` (`user_id`, `pid`, `actime`) VALUES (17,119,'2011-11-07');
INSERT INTO `solution` (`user_id`, `pid`, `actime`) VALUES (17,120,'2011-11-05');
INSERT INTO `solution` (`user_id`, `pid`, `actime`) VALUES (17,121,'2011-08-09');
INSERT INTO `solution` (`user_id`, `pid`, `actime`) VALUES (17,122,'2011-11-06');
INSERT INTO `solution` (`user_id`, `pid`, `actime`) VALUES (17,125,'2011-08-10');
INSERT INTO `solution` (`user_id`, `pid`, `actime`) VALUES (17,126,'2011-08-12');
INSERT INTO `solution` (`user_id`, `pid`, `actime`) VALUES (17,127,'2011-08-09');
INSERT INTO `solution` (`user_id`, `pid`, `actime`) VALUES (17,128,'2012-07-30');
INSERT INTO `solution` (`user_id`, `pid`, `actime`) VALUES (17,129,'2012-07-30');
INSERT INTO `solution` (`user_id`, `pid`, `actime`) VALUES (17,130,'2012-07-30');
INSERT INTO `solution` (`user_id`, `pid`, `actime`) VALUES (17,131,'2011-12-07');
INSERT INTO `solution` (`user_id`, `pid`, `actime`) VALUES (17,132,'2011-11-27');
INSERT INTO `solution` (`user_id`, `pid`, `actime`) VALUES (17,133,'2012-07-31');
INSERT INTO `solution` (`user_id`, `pid`, `actime`) VALUES (17,134,'2012-08-03');
INSERT INTO `solution` (`user_id`, `pid`, `actime`) VALUES (17,135,'2012-08-03');
INSERT INTO `solution` (`user_id`, `pid`, `actime`) VALUES (17,136,'2012-08-10');
INSERT INTO `solution` (`user_id`, `pid`, `actime`) VALUES (17,137,'2012-08-10');
INSERT INTO `solution` (`user_id`, `pid`, `actime`) VALUES (17,138,'2012-08-10');
INSERT INTO `solution` (`user_id`, `pid`, `actime`) VALUES (17,139,'2012-08-11');
INSERT INTO `solution` (`user_id`, `pid`, `actime`) VALUES (17,140,'2012-08-11');
INSERT INTO `solution` (`user_id`, `pid`, `actime`) VALUES (17,141,'2012-08-12');
INSERT INTO `solution` (`user_id`, `pid`, `actime`) VALUES (17,142,'2012-08-12');
INSERT INTO `solution` (`user_id`, `pid`, `actime`) VALUES (17,143,'2012-08-12');
INSERT INTO `solution` (`user_id`, `pid`, `actime`) VALUES (17,144,'2012-08-12');
INSERT INTO `solution` (`user_id`, `pid`, `actime`) VALUES (17,145,'2012-08-13');
INSERT INTO `solution` (`user_id`, `pid`, `actime`) VALUES (17,146,'2012-08-13');
INSERT INTO `solution` (`user_id`, `pid`, `actime`) VALUES (17,148,'2012-08-13');
INSERT INTO `solution` (`user_id`, `pid`, `actime`) VALUES (17,150,'2012-08-13');
INSERT INTO `solution` (`user_id`, `pid`, `actime`) VALUES (17,151,'2012-08-14');
INSERT INTO `solution` (`user_id`, `pid`, `actime`) VALUES (17,155,'2012-08-21');
INSERT INTO `solution` (`user_id`, `pid`, `actime`) VALUES (17,156,'2012-08-21');
INSERT INTO `solution` (`user_id`, `pid`, `actime`) VALUES (17,157,'2012-09-03');
INSERT INTO `solution` (`user_id`, `pid`, `actime`) VALUES (17,158,'2012-09-04');
INSERT INTO `solution` (`user_id`, `pid`, `actime`) VALUES (17,159,'2012-09-05');
INSERT INTO `solution` (`user_id`, `pid`, `actime`) VALUES (17,169,'2012-05-06');
INSERT INTO `solution` (`user_id`, `pid`, `actime`) VALUES (17,170,'2012-12-08');
INSERT INTO `solution` (`user_id`, `pid`, `actime`) VALUES (17,172,'2012-06-28');
INSERT INTO `solution` (`user_id`, `pid`, `actime`) VALUES (17,173,'2012-09-19');
INSERT INTO `solution` (`user_id`, `pid`, `actime`) VALUES (17,181,'2012-09-28');
INSERT INTO `solution` (`user_id`, `pid`, `actime`) VALUES (17,183,'2012-09-29');
INSERT INTO `solution` (`user_id`, `pid`, `actime`) VALUES (17,184,'2012-09-28');
INSERT INTO `solution` (`user_id`, `pid`, `actime`) VALUES (17,185,'2013-05-12');
INSERT INTO `solution` (`user_id`, `pid`, `actime`) VALUES (17,203,'2012-12-03');
INSERT INTO `solution` (`user_id`, `pid`, `actime`) VALUES (17,204,'2013-01-21');
INSERT INTO `solution` (`user_id`, `pid`, `actime`) VALUES (17,205,'2012-12-08');
INSERT INTO `solution` (`user_id`, `pid`, `actime`) VALUES (17,206,'2013-01-22');
INSERT INTO `solution` (`user_id`, `pid`, `actime`) VALUES (17,207,'2012-04-02');
INSERT INTO `solution` (`user_id`, `pid`, `actime`) VALUES (17,208,'2013-01-22');
INSERT INTO `solution` (`user_id`, `pid`, `actime`) VALUES (17,209,'2013-01-24');
INSERT INTO `solution` (`user_id`, `pid`, `actime`) VALUES (17,210,'2013-01-25');
INSERT INTO `solution` (`user_id`, `pid`, `actime`) VALUES (17,211,'2013-01-25');
INSERT INTO `solution` (`user_id`, `pid`, `actime`) VALUES (17,217,'2012-12-09');
INSERT INTO `solution` (`user_id`, `pid`, `actime`) VALUES (17,219,'2012-05-08');
INSERT INTO `solution` (`user_id`, `pid`, `actime`) VALUES (17,220,'2013-01-29');
INSERT INTO `solution` (`user_id`, `pid`, `actime`) VALUES (17,221,'2013-01-30');
INSERT INTO `solution` (`user_id`, `pid`, `actime`) VALUES (17,222,'2013-01-30');
INSERT INTO `solution` (`user_id`, `pid`, `actime`) VALUES (17,226,'2013-01-26');
INSERT INTO `solution` (`user_id`, `pid`, `actime`) VALUES (17,227,'2013-02-22');
INSERT INTO `solution` (`user_id`, `pid`, `actime`) VALUES (17,228,'2013-02-20');
INSERT INTO `solution` (`user_id`, `pid`, `actime`) VALUES (17,229,'2012-09-19');
INSERT INTO `solution` (`user_id`, `pid`, `actime`) VALUES (17,230,'2012-08-26');
INSERT INTO `solution` (`user_id`, `pid`, `actime`) VALUES (17,241,'2012-03-01');
INSERT INTO `solution` (`user_id`, `pid`, `actime`) VALUES (18,1,'2011-10-20');
INSERT INTO `solution` (`user_id`, `pid`, `actime`) VALUES (18,2,'2012-02-20');
INSERT INTO `solution` (`user_id`, `pid`, `actime`) VALUES (18,3,'2012-02-21');
INSERT INTO `solution` (`user_id`, `pid`, `actime`) VALUES (18,4,'2012-12-05');
INSERT INTO `solution` (`user_id`, `pid`, `actime`) VALUES (18,5,'2012-02-21');
INSERT INTO `solution` (`user_id`, `pid`, `actime`) VALUES (18,6,'2012-02-22');
INSERT INTO `solution` (`user_id`, `pid`, `actime`) VALUES (18,7,'2012-02-22');
INSERT INTO `solution` (`user_id`, `pid`, `actime`) VALUES (18,8,'2012-12-05');
INSERT INTO `solution` (`user_id`, `pid`, `actime`) VALUES (18,9,'2012-02-23');
INSERT INTO `solution` (`user_id`, `pid`, `actime`) VALUES (18,12,'2012-02-23');
INSERT INTO `solution` (`user_id`, `pid`, `actime`) VALUES (18,13,'2012-02-23');
INSERT INTO `solution` (`user_id`, `pid`, `actime`) VALUES (18,14,'2012-02-23');
INSERT INTO `solution` (`user_id`, `pid`, `actime`) VALUES (18,15,'2012-02-25');
INSERT INTO `solution` (`user_id`, `pid`, `actime`) VALUES (18,16,'2012-04-13');
INSERT INTO `solution` (`user_id`, `pid`, `actime`) VALUES (18,17,'2012-02-26');
INSERT INTO `solution` (`user_id`, `pid`, `actime`) VALUES (18,18,'2012-03-24');
INSERT INTO `solution` (`user_id`, `pid`, `actime`) VALUES (18,19,'2012-03-24');
INSERT INTO `solution` (`user_id`, `pid`, `actime`) VALUES (18,20,'2012-03-23');
INSERT INTO `solution` (`user_id`, `pid`, `actime`) VALUES (18,21,'2012-02-28');
INSERT INTO `solution` (`user_id`, `pid`, `actime`) VALUES (18,22,'2012-02-28');
INSERT INTO `solution` (`user_id`, `pid`, `actime`) VALUES (18,23,'2012-04-09');
INSERT INTO `solution` (`user_id`, `pid`, `actime`) VALUES (18,24,'2011-07-28');
INSERT INTO `solution` (`user_id`, `pid`, `actime`) VALUES (18,25,'2012-04-09');
INSERT INTO `solution` (`user_id`, `pid`, `actime`) VALUES (18,26,'2012-04-09');
INSERT INTO `solution` (`user_id`, `pid`, `actime`) VALUES (18,27,'2012-04-10');
INSERT INTO `solution` (`user_id`, `pid`, `actime`) VALUES (18,28,'2012-04-10');
INSERT INTO `solution` (`user_id`, `pid`, `actime`) VALUES (18,29,'2012-04-12');
INSERT INTO `solution` (`user_id`, `pid`, `actime`) VALUES (18,30,'2012-03-01');
INSERT INTO `solution` (`user_id`, `pid`, `actime`) VALUES (18,31,'2012-03-22');
INSERT INTO `solution` (`user_id`, `pid`, `actime`) VALUES (18,32,'2012-04-13');
INSERT INTO `solution` (`user_id`, `pid`, `actime`) VALUES (18,33,'2012-12-07');
INSERT INTO `solution` (`user_id`, `pid`, `actime`) VALUES (18,34,'2012-03-01');
INSERT INTO `solution` (`user_id`, `pid`, `actime`) VALUES (18,35,'2012-03-01');
INSERT INTO `solution` (`user_id`, `pid`, `actime`) VALUES (18,36,'2012-04-13');
INSERT INTO `solution` (`user_id`, `pid`, `actime`) VALUES (18,37,'2012-04-13');
INSERT INTO `solution` (`user_id`, `pid`, `actime`) VALUES (18,38,'2012-12-07');
INSERT INTO `solution` (`user_id`, `pid`, `actime`) VALUES (18,39,'2012-12-08');
INSERT INTO `solution` (`user_id`, `pid`, `actime`) VALUES (18,40,'2012-03-27');
INSERT INTO `solution` (`user_id`, `pid`, `actime`) VALUES (18,41,'2012-04-19');
INSERT INTO `solution` (`user_id`, `pid`, `actime`) VALUES (18,42,'2012-04-20');
INSERT INTO `solution` (`user_id`, `pid`, `actime`) VALUES (18,43,'2012-04-21');
INSERT INTO `solution` (`user_id`, `pid`, `actime`) VALUES (18,46,'2012-03-28');
INSERT INTO `solution` (`user_id`, `pid`, `actime`) VALUES (18,47,'2012-03-20');
INSERT INTO `solution` (`user_id`, `pid`, `actime`) VALUES (18,48,'2012-03-20');
INSERT INTO `solution` (`user_id`, `pid`, `actime`) VALUES (18,49,'2012-08-11');
INSERT INTO `solution` (`user_id`, `pid`, `actime`) VALUES (18,50,'2012-03-29');
INSERT INTO `solution` (`user_id`, `pid`, `actime`) VALUES (18,52,'2012-04-13');
INSERT INTO `solution` (`user_id`, `pid`, `actime`) VALUES (18,53,'2012-04-16');
INSERT INTO `solution` (`user_id`, `pid`, `actime`) VALUES (18,54,'2012-05-31');
INSERT INTO `solution` (`user_id`, `pid`, `actime`) VALUES (18,55,'2012-04-16');
INSERT INTO `solution` (`user_id`, `pid`, `actime`) VALUES (18,56,'2012-02-23');
INSERT INTO `solution` (`user_id`, `pid`, `actime`) VALUES (18,57,'2012-04-16');
INSERT INTO `solution` (`user_id`, `pid`, `actime`) VALUES (18,59,'2012-04-16');
INSERT INTO `solution` (`user_id`, `pid`, `actime`) VALUES (18,60,'2012-04-16');
INSERT INTO `solution` (`user_id`, `pid`, `actime`) VALUES (18,61,'2012-04-17');
INSERT INTO `solution` (`user_id`, `pid`, `actime`) VALUES (18,62,'2012-04-18');
INSERT INTO `solution` (`user_id`, `pid`, `actime`) VALUES (18,63,'2011-10-18');
INSERT INTO `solution` (`user_id`, `pid`, `actime`) VALUES (18,64,'2011-10-18');
INSERT INTO `solution` (`user_id`, `pid`, `actime`) VALUES (18,65,'2011-11-20');
INSERT INTO `solution` (`user_id`, `pid`, `actime`) VALUES (18,66,'2011-11-20');
INSERT INTO `solution` (`user_id`, `pid`, `actime`) VALUES (18,67,'2012-04-10');
INSERT INTO `solution` (`user_id`, `pid`, `actime`) VALUES (18,68,'2011-12-03');
INSERT INTO `solution` (`user_id`, `pid`, `actime`) VALUES (18,69,'2011-12-04');
INSERT INTO `solution` (`user_id`, `pid`, `actime`) VALUES (18,70,'2011-12-03');
INSERT INTO `solution` (`user_id`, `pid`, `actime`) VALUES (18,71,'2011-08-03');
INSERT INTO `solution` (`user_id`, `pid`, `actime`) VALUES (18,73,'2011-12-11');
INSERT INTO `solution` (`user_id`, `pid`, `actime`) VALUES (18,74,'2012-05-03');
INSERT INTO `solution` (`user_id`, `pid`, `actime`) VALUES (18,75,'2012-04-21');
INSERT INTO `solution` (`user_id`, `pid`, `actime`) VALUES (18,76,'2012-05-03');
INSERT INTO `solution` (`user_id`, `pid`, `actime`) VALUES (18,77,'2012-04-21');
INSERT INTO `solution` (`user_id`, `pid`, `actime`) VALUES (18,78,'2012-05-03');
INSERT INTO `solution` (`user_id`, `pid`, `actime`) VALUES (18,79,'2012-05-04');
INSERT INTO `solution` (`user_id`, `pid`, `actime`) VALUES (18,81,'2012-05-04');
INSERT INTO `solution` (`user_id`, `pid`, `actime`) VALUES (18,82,'2012-05-06');
INSERT INTO `solution` (`user_id`, `pid`, `actime`) VALUES (18,83,'2012-05-08');
INSERT INTO `solution` (`user_id`, `pid`, `actime`) VALUES (18,84,'2012-05-08');
INSERT INTO `solution` (`user_id`, `pid`, `actime`) VALUES (18,85,'2012-05-08');
INSERT INTO `solution` (`user_id`, `pid`, `actime`) VALUES (18,86,'2012-05-09');
INSERT INTO `solution` (`user_id`, `pid`, `actime`) VALUES (18,87,'2012-05-12');
INSERT INTO `solution` (`user_id`, `pid`, `actime`) VALUES (18,89,'2012-05-19');
INSERT INTO `solution` (`user_id`, `pid`, `actime`) VALUES (18,90,'2012-05-19');
INSERT INTO `solution` (`user_id`, `pid`, `actime`) VALUES (18,91,'2012-05-15');
INSERT INTO `solution` (`user_id`, `pid`, `actime`) VALUES (18,92,'2012-05-14');
INSERT INTO `solution` (`user_id`, `pid`, `actime`) VALUES (18,93,'2012-05-17');
INSERT INTO `solution` (`user_id`, `pid`, `actime`) VALUES (18,94,'2012-05-18');
INSERT INTO `solution` (`user_id`, `pid`, `actime`) VALUES (18,95,'2012-05-20');
INSERT INTO `solution` (`user_id`, `pid`, `actime`) VALUES (18,100,'2012-05-20');
INSERT INTO `solution` (`user_id`, `pid`, `actime`) VALUES (18,101,'2012-05-21');
INSERT INTO `solution` (`user_id`, `pid`, `actime`) VALUES (18,102,'2012-05-21');
INSERT INTO `solution` (`user_id`, `pid`, `actime`) VALUES (18,104,'2012-05-22');
INSERT INTO `solution` (`user_id`, `pid`, `actime`) VALUES (18,105,'2012-05-24');
INSERT INTO `solution` (`user_id`, `pid`, `actime`) VALUES (18,106,'2012-05-24');
INSERT INTO `solution` (`user_id`, `pid`, `actime`) VALUES (18,108,'2012-05-31');
INSERT INTO `solution` (`user_id`, `pid`, `actime`) VALUES (18,109,'2012-05-30');
INSERT INTO `solution` (`user_id`, `pid`, `actime`) VALUES (18,110,'2012-06-01');
INSERT INTO `solution` (`user_id`, `pid`, `actime`) VALUES (18,111,'2012-06-01');
INSERT INTO `solution` (`user_id`, `pid`, `actime`) VALUES (18,112,'2012-06-03');
INSERT INTO `solution` (`user_id`, `pid`, `actime`) VALUES (18,113,'2012-06-04');
INSERT INTO `solution` (`user_id`, `pid`, `actime`) VALUES (18,116,'2012-05-24');
INSERT INTO `solution` (`user_id`, `pid`, `actime`) VALUES (18,117,'2012-06-10');
INSERT INTO `solution` (`user_id`, `pid`, `actime`) VALUES (18,118,'2012-06-10');
INSERT INTO `solution` (`user_id`, `pid`, `actime`) VALUES (18,119,'2012-06-11');
INSERT INTO `solution` (`user_id`, `pid`, `actime`) VALUES (18,120,'2012-06-11');
INSERT INTO `solution` (`user_id`, `pid`, `actime`) VALUES (18,121,'2011-08-10');
INSERT INTO `solution` (`user_id`, `pid`, `actime`) VALUES (18,122,'2012-06-12');
INSERT INTO `solution` (`user_id`, `pid`, `actime`) VALUES (18,123,'2012-06-13');
INSERT INTO `solution` (`user_id`, `pid`, `actime`) VALUES (18,124,'2012-07-13');
INSERT INTO `solution` (`user_id`, `pid`, `actime`) VALUES (18,125,'2011-08-12');
INSERT INTO `solution` (`user_id`, `pid`, `actime`) VALUES (18,126,'2011-08-11');
INSERT INTO `solution` (`user_id`, `pid`, `actime`) VALUES (18,127,'2011-08-09');
INSERT INTO `solution` (`user_id`, `pid`, `actime`) VALUES (18,128,'2012-07-15');
INSERT INTO `solution` (`user_id`, `pid`, `actime`) VALUES (18,129,'2012-07-16');
INSERT INTO `solution` (`user_id`, `pid`, `actime`) VALUES (18,130,'2012-07-16');
INSERT INTO `solution` (`user_id`, `pid`, `actime`) VALUES (18,131,'2012-03-26');
INSERT INTO `solution` (`user_id`, `pid`, `actime`) VALUES (18,132,'2012-07-16');
INSERT INTO `solution` (`user_id`, `pid`, `actime`) VALUES (18,133,'2012-07-16');
INSERT INTO `solution` (`user_id`, `pid`, `actime`) VALUES (18,134,'2012-07-16');
INSERT INTO `solution` (`user_id`, `pid`, `actime`) VALUES (18,135,'2012-07-17');
INSERT INTO `solution` (`user_id`, `pid`, `actime`) VALUES (18,136,'2012-07-17');
INSERT INTO `solution` (`user_id`, `pid`, `actime`) VALUES (18,137,'2012-07-17');
INSERT INTO `solution` (`user_id`, `pid`, `actime`) VALUES (18,138,'2012-07-17');
INSERT INTO `solution` (`user_id`, `pid`, `actime`) VALUES (18,139,'2012-07-18');
INSERT INTO `solution` (`user_id`, `pid`, `actime`) VALUES (18,140,'2012-07-18');
INSERT INTO `solution` (`user_id`, `pid`, `actime`) VALUES (18,141,'2012-07-18');
INSERT INTO `solution` (`user_id`, `pid`, `actime`) VALUES (18,142,'2012-07-18');
INSERT INTO `solution` (`user_id`, `pid`, `actime`) VALUES (18,143,'2012-07-18');
INSERT INTO `solution` (`user_id`, `pid`, `actime`) VALUES (18,144,'2012-07-19');
INSERT INTO `solution` (`user_id`, `pid`, `actime`) VALUES (18,145,'2012-07-19');
INSERT INTO `solution` (`user_id`, `pid`, `actime`) VALUES (18,146,'2012-07-19');
INSERT INTO `solution` (`user_id`, `pid`, `actime`) VALUES (18,147,'2012-07-20');
INSERT INTO `solution` (`user_id`, `pid`, `actime`) VALUES (18,148,'2012-07-20');
INSERT INTO `solution` (`user_id`, `pid`, `actime`) VALUES (18,149,'2012-07-20');
INSERT INTO `solution` (`user_id`, `pid`, `actime`) VALUES (18,150,'2013-04-02');
INSERT INTO `solution` (`user_id`, `pid`, `actime`) VALUES (18,151,'2012-07-22');
INSERT INTO `solution` (`user_id`, `pid`, `actime`) VALUES (18,152,'2012-07-23');
INSERT INTO `solution` (`user_id`, `pid`, `actime`) VALUES (18,153,'2012-07-23');
INSERT INTO `solution` (`user_id`, `pid`, `actime`) VALUES (18,154,'2012-07-23');
INSERT INTO `solution` (`user_id`, `pid`, `actime`) VALUES (18,155,'2012-07-25');
INSERT INTO `solution` (`user_id`, `pid`, `actime`) VALUES (18,156,'2012-07-25');
INSERT INTO `solution` (`user_id`, `pid`, `actime`) VALUES (18,157,'2012-07-25');
INSERT INTO `solution` (`user_id`, `pid`, `actime`) VALUES (18,158,'2012-07-25');
INSERT INTO `solution` (`user_id`, `pid`, `actime`) VALUES (18,159,'2012-07-25');
INSERT INTO `solution` (`user_id`, `pid`, `actime`) VALUES (18,162,'2012-07-25');
INSERT INTO `solution` (`user_id`, `pid`, `actime`) VALUES (18,163,'2012-07-26');
INSERT INTO `solution` (`user_id`, `pid`, `actime`) VALUES (18,164,'2012-07-26');
INSERT INTO `solution` (`user_id`, `pid`, `actime`) VALUES (18,165,'2012-07-26');
INSERT INTO `solution` (`user_id`, `pid`, `actime`) VALUES (18,166,'2012-05-04');
INSERT INTO `solution` (`user_id`, `pid`, `actime`) VALUES (18,169,'2012-05-04');
INSERT INTO `solution` (`user_id`, `pid`, `actime`) VALUES (18,170,'2012-07-28');
INSERT INTO `solution` (`user_id`, `pid`, `actime`) VALUES (18,171,'2012-07-28');
INSERT INTO `solution` (`user_id`, `pid`, `actime`) VALUES (18,173,'2012-07-29');
INSERT INTO `solution` (`user_id`, `pid`, `actime`) VALUES (18,174,'2012-07-30');
INSERT INTO `solution` (`user_id`, `pid`, `actime`) VALUES (18,175,'2012-07-30');
INSERT INTO `solution` (`user_id`, `pid`, `actime`) VALUES (18,176,'2012-07-30');
INSERT INTO `solution` (`user_id`, `pid`, `actime`) VALUES (18,179,'2012-07-30');
INSERT INTO `solution` (`user_id`, `pid`, `actime`) VALUES (18,180,'2012-07-31');
INSERT INTO `solution` (`user_id`, `pid`, `actime`) VALUES (18,181,'2012-07-31');
INSERT INTO `solution` (`user_id`, `pid`, `actime`) VALUES (18,184,'2012-07-31');
INSERT INTO `solution` (`user_id`, `pid`, `actime`) VALUES (18,185,'2012-08-01');
INSERT INTO `solution` (`user_id`, `pid`, `actime`) VALUES (18,203,'2012-08-04');
INSERT INTO `solution` (`user_id`, `pid`, `actime`) VALUES (18,204,'2012-08-06');
INSERT INTO `solution` (`user_id`, `pid`, `actime`) VALUES (18,205,'2012-07-28');
INSERT INTO `solution` (`user_id`, `pid`, `actime`) VALUES (18,206,'2012-08-07');
INSERT INTO `solution` (`user_id`, `pid`, `actime`) VALUES (18,207,'2012-08-11');
INSERT INTO `solution` (`user_id`, `pid`, `actime`) VALUES (18,208,'2012-08-06');
INSERT INTO `solution` (`user_id`, `pid`, `actime`) VALUES (18,212,'2012-04-25');
INSERT INTO `solution` (`user_id`, `pid`, `actime`) VALUES (18,217,'2012-08-06');
INSERT INTO `solution` (`user_id`, `pid`, `actime`) VALUES (18,218,'2012-08-14');
INSERT INTO `solution` (`user_id`, `pid`, `actime`) VALUES (18,219,'2012-08-14');
INSERT INTO `solution` (`user_id`, `pid`, `actime`) VALUES (18,220,'2012-08-15');
INSERT INTO `solution` (`user_id`, `pid`, `actime`) VALUES (18,221,'2012-08-15');
INSERT INTO `solution` (`user_id`, `pid`, `actime`) VALUES (18,222,'2012-08-16');
INSERT INTO `solution` (`user_id`, `pid`, `actime`) VALUES (18,223,'2012-08-17');
INSERT INTO `solution` (`user_id`, `pid`, `actime`) VALUES (18,224,'2012-08-17');
INSERT INTO `solution` (`user_id`, `pid`, `actime`) VALUES (18,225,'2012-08-18');
INSERT INTO `solution` (`user_id`, `pid`, `actime`) VALUES (18,226,'2012-08-18');
INSERT INTO `solution` (`user_id`, `pid`, `actime`) VALUES (18,227,'2013-03-23');
INSERT INTO `solution` (`user_id`, `pid`, `actime`) VALUES (18,228,'2013-03-28');
INSERT INTO `solution` (`user_id`, `pid`, `actime`) VALUES (18,229,'2012-05-29');
INSERT INTO `solution` (`user_id`, `pid`, `actime`) VALUES (18,230,'2012-08-20');
INSERT INTO `solution` (`user_id`, `pid`, `actime`) VALUES (18,231,'2012-08-20');
INSERT INTO `solution` (`user_id`, `pid`, `actime`) VALUES (18,238,'2012-08-21');
INSERT INTO `solution` (`user_id`, `pid`, `actime`) VALUES (18,241,'2012-02-25');
INSERT INTO `solution` (`user_id`, `pid`, `actime`) VALUES (18,244,'2012-08-22');
INSERT INTO `solution` (`user_id`, `pid`, `actime`) VALUES (18,252,'2013-02-19');
INSERT INTO `solution` (`user_id`, `pid`, `actime`) VALUES (18,253,'2013-02-19');
INSERT INTO `solution` (`user_id`, `pid`, `actime`) VALUES (18,254,'2013-02-20');
INSERT INTO `solution` (`user_id`, `pid`, `actime`) VALUES (18,260,'2012-07-20');
/*!40000 ALTER TABLE `solution` ENABLE KEYS */;
UNLOCK TABLES;

--
-- Table structure for table `startdate`
--

DROP TABLE IF EXISTS `startdate`;
/*!40101 SET @saved_cs_client     = @@character_set_client */;
/*!40101 SET character_set_client = utf8 */;
CREATE TABLE `startdate` (
  `id` int(11) NOT NULL AUTO_INCREMENT,
  `start_date` varchar(20) DEFAULT NULL,
  `half` int(11) DEFAULT NULL,
  PRIMARY KEY (`id`)
) ENGINE=MyISAM AUTO_INCREMENT=7 DEFAULT CHARSET=utf8;
/*!40101 SET character_set_client = @saved_cs_client */;

--
-- Dumping data for table `startdate`
--

LOCK TABLES `startdate` WRITE;
/*!40000 ALTER TABLE `startdate` DISABLE KEYS */;
INSERT INTO `startdate` (`id`, `start_date`, `half`) VALUES (1,'2013-09-02',2);
INSERT INTO `startdate` (`id`, `start_date`, `half`) VALUES (2,'2013-03-04',1);
INSERT INTO `startdate` (`id`, `start_date`, `half`) VALUES (3,'2012-08-27',2);
INSERT INTO `startdate` (`id`, `start_date`, `half`) VALUES (4,'2012-03-05',1);
INSERT INTO `startdate` (`id`, `start_date`, `half`) VALUES (5,'2011-09-05',2);
INSERT INTO `startdate` (`id`, `start_date`, `half`) VALUES (6,'2011-03-07',1);
/*!40000 ALTER TABLE `startdate` ENABLE KEYS */;
UNLOCK TABLES;

--
-- Table structure for table `user`
--

DROP TABLE IF EXISTS `user`;
/*!40101 SET @saved_cs_client     = @@character_set_client */;
/*!40101 SET character_set_client = utf8 */;
CREATE TABLE `user` (
  `user_id` int(11) NOT NULL AUTO_INCREMENT,
  `user_name` varchar(20) NOT NULL,
  `poj_name` varchar(100) NOT NULL,
  `grade` int(11) NOT NULL,
  `class1` varchar(20) NOT NULL,
  `permission` int(11) NOT NULL DEFAULT '1',
  PRIMARY KEY (`user_id`)
) ENGINE=MyISAM AUTO_INCREMENT=21 DEFAULT CHARSET=utf8;
/*!40101 SET character_set_client = @saved_cs_client */;

--
-- Dumping data for table `user`
--

LOCK TABLES `user` WRITE;
/*!40000 ALTER TABLE `user` DISABLE KEYS */;
INSERT INTO `user` (`user_id`, `user_name`, `poj_name`, `grade`, `class1`, `permission`) VALUES (1,'李一宁','lin375691011',2012,'软件1205',1);
INSERT INTO `user` (`user_id`, `user_name`, `poj_name`, `grade`, `class1`, `permission`) VALUES (2,'潘娅楠','953308147',2012,'计科1201',1);
INSERT INTO `user` (`user_id`, `user_name`, `poj_name`, `grade`, `class1`, `permission`) VALUES (3,'部文杰','wolfred7464',2012,'计科1204',1);
INSERT INTO `user` (`user_id`, `user_name`, `poj_name`, `grade`, `class1`, `permission`) VALUES (4,'柴金鑫','448091730',2012,'计科1201',1);
INSERT INTO `user` (`user_id`, `user_name`, `poj_name`, `grade`, `class1`, `permission`) VALUES (5,'朱鸣啸','354898002',2012,'计科1204',1);
INSERT INTO `user` (`user_id`, `user_name`, `poj_name`, `grade`, `class1`, `permission`) VALUES (6,'徐建','12110501022',2012,'计科1201',1);
INSERT INTO `user` (`user_id`, `user_name`, `poj_name`, `grade`, `class1`, `permission`) VALUES (7,'李征南','zhengnanlee',2012,'通信1202',1);
INSERT INTO `user` (`user_id`, `user_name`, `poj_name`, `grade`, `class1`, `permission`) VALUES (8,'鲁文娜','12120501047',2012,'计科1201',1);
INSERT INTO `user` (`user_id`, `user_name`, `poj_name`, `grade`, `class1`, `permission`) VALUES (9,'徐福龙','1018596027',2012,'计科1204',1);
INSERT INTO `user` (`user_id`, `user_name`, `poj_name`, `grade`, `class1`, `permission`) VALUES (10,'刘爱红','12120501046',2012,'计科1201',1);
INSERT INTO `user` (`user_id`, `user_name`, `poj_name`, `grade`, `class1`, `permission`) VALUES (11,'樊明会','fan1019',2012,'计科1201',1);
INSERT INTO `user` (`user_id`, `user_name`, `poj_name`, `grade`, `class1`, `permission`) VALUES (12,'崔哲','tiankecz',2011,'计科1101',1);
INSERT INTO `user` (`user_id`, `user_name`, `poj_name`, `grade`, `class1`, `permission`) VALUES (13,'尚灿芳','shangyu111',2011,'计科1102',1);
INSERT INTO `user` (`user_id`, `user_name`, `poj_name`, `grade`, `class1`, `permission`) VALUES (14,'秦川','pony1993',2011,'计科1101',1);
INSERT INTO `user` (`user_id`, `user_name`, `poj_name`, `grade`, `class1`, `permission`) VALUES (15,'赵鹏','rowanhao',2011,'计科1102',1);
INSERT INTO `user` (`user_id`, `user_name`, `poj_name`, `grade`, `class1`, `permission`) VALUES (16,'高永鑫','1111057162',2011,'软件1105',1);
INSERT INTO `user` (`user_id`, `user_name`, `poj_name`, `grade`, `class1`, `permission`) VALUES (17,'郭宝星','gbaoxing',2010,'计科1001',1);
INSERT INTO `user` (`user_id`, `user_name`, `poj_name`, `grade`, `class1`, `permission`) VALUES (18,'张金虎','1011051119',2010,'计科1001',1);
INSERT INTO `user` (`user_id`, `user_name`, `poj_name`, `grade`, `class1`, `permission`) VALUES (0,'root','d251cb9565547ab1c86dfa6cbdb82397d8983977',2011,'计科1102',2);
/*!40000 ALTER TABLE `user` ENABLE KEYS */;
UNLOCK TABLES;
/*!40103 SET TIME_ZONE=@OLD_TIME_ZONE */;

/*!40101 SET SQL_MODE=@OLD_SQL_MODE */;
/*!40014 SET FOREIGN_KEY_CHECKS=@OLD_FOREIGN_KEY_CHECKS */;
/*!40014 SET UNIQUE_CHECKS=@OLD_UNIQUE_CHECKS */;
/*!40101 SET CHARACTER_SET_CLIENT=@OLD_CHARACTER_SET_CLIENT */;
/*!40101 SET CHARACTER_SET_RESULTS=@OLD_CHARACTER_SET_RESULTS */;
/*!40101 SET COLLATION_CONNECTION=@OLD_COLLATION_CONNECTION */;
/*!40111 SET SQL_NOTES=@OLD_SQL_NOTES */;

-- Dump completed on 2013-11-26 23:04:33
